id,produto,vendedor,quantidade,valor_unitario,valor_total,data
1,Monitor,Beatriz,6,947.87,5687.22,2021-01-03
2,Pendrive,João,7,83.3,583.1,2021-01-05
3,HD Externo,Ana,8,341.8,2734.4,2021-01-07
4,Fone,Ana,5,224.61,1123.0500000000002,2021-01-07
5,Fone,Beatriz,1,261.29,261.29,2021-01-09
6,NoteBook,Beatriz,9,3150.21,28351.89,2021-01-10
7,NoteBook,Maria,10,3458.44,34584.4,2021-01-10
8,Monitor,Ana,8,704.39,5635.12,2021-01-10
9,Teclado,Maria,3,176.92,530.76,2021-01-11
10,HD Externo,João,6,413.07,2478.42,2021-01-14
11,HD Externo,Carlos,2,365.09,730.18,2021-01-14
12,NoteBook,Ana,7,2981.19,20868.33,2021-01-14
13,Monitor,João,4,651.83,2607.32,2021-01-15
14,HD Externo,Beatriz,2,376.72,753.44,2021-01-15
15,Pendrive,Beatriz,9,77.74,699.66,2021-01-16
16,Impressora,João,3,1141.39,3424.17,2021-01-16
17,Fone,Beatriz,1,227.15,227.15,2021-01-16
18,HD Externo,Beatriz,7,362.74,2539.1800000000003,2021-01-17
19,Webcam,Carlos,7,237.77,1664.39,2021-01-18
20,NoteBook,João,8,3018.79,24150.32,2021-01-18
21,HD Externo,João,1,420.93,420.93,2021-01-18
22,Impressora,Ana,10,1215.18,12151.800000000001,2021-01-20
23,Pendrive,Beatriz,2,87.96,175.92,2021-01-21
24,Webcam,João,8,167.94,1343.52,2021-01-21
25,Impressora,Beatriz,6,1390.09,8340.539999999999,2021-01-22
26,Webcam,Ana,10,216.35,2163.5,2021-01-23
27,NoteBook,Maria,3,2758.63,8275.89,2021-01-26
28,Fone,Carlos,2,275.43,550.86,2021-01-27
29,Mouse,Maria,6,96.4,578.4000000000001,2021-01-27
30,Pendrive,João,3,74.75,224.25,2021-01-27
31,Mouse,João,8,84.26,674.08,2021-01-28
32,Teclado,Maria,2,155.92,311.84,2021-01-31
33,HD Externo,Carlos,7,432.03,3024.21,2021-02-01
34,Fone,João,10,282.93,2829.3,2021-02-02
35,Monitor,Beatriz,2,795.71,1591.42,2021-02-03
36,HD Externo,Ana,9,394.71,3552.39,2021-02-03
37,Impressora,Ana,3,1086.73,3260.19,2021-02-04
38,Impressora,Beatriz,4,1248.32,4993.28,2021-02-05
39,Webcam,Maria,7,185.03,1295.21,2021-02-06
40,Teclado,Ana,10,151.49,1514.9,2021-02-07
41,Teclado,Carlos,5,122.17,610.85,2021-02-10
42,Pendrive,João,7,91.04,637.2800000000001,2021-02-10
43,Mouse,Carlos,10,91.38,913.8,2021-02-12
44,Impressora,Beatriz,7,1172.79,8209.529999999999,2021-02-13
45,NoteBook,Maria,3,2887.85,8663.55,2021-02-13
46,Pendrive,Beatriz,6,89.12,534.72,2021-02-14
47,Fone,Beatriz,10,253.27,2532.7000000000003,2021-02-14
48,Webcam,Maria,10,214.71,2147.1,2021-02-14
49,Fone,Carlos,3,214.92,644.76,2021-02-15
50,Teclado,João,6,170.77,1024.6200000000001,2021-02-16
51,Teclado,Ana,10,171.2,1712.0,2021-02-16
52,Webcam,João,7,193.66,1355.62,2021-02-20
53,HD Externo,Carlos,7,387.41,2711.8700000000003,2021-02-20
54,Teclado,João,5,137.75,688.75,2021-02-20
55,NoteBook,João,3,2520.39,7561.17,2021-02-21
56,Webcam,João,8,209.69,1677.52,2021-02-22
57,Mouse,Ana,1,94.02,94.02,2021-02-27
58,Monitor,Beatriz,3,817.84,2453.52,2021-02-28
59,Mouse,João,6,104.73,628.38,2021-02-28
60,Pendrive,Maria,5,64.41,322.04999999999995,2021-03-03
61,Pendrive,Ana,10,80.34,803.4000000000001,2021-03-03
62,Monitor,João,1,947.43,947.43,2021-03-04
63,Webcam,Carlos,5,164.2,821.0,2021-03-04
64,HD Externo,Carlos,4,399.63,1598.52,2021-03-04
65,Impressora,João,6,1311.38,7868.280000000001,2021-03-06
66,Impressora,Ana,7,1230.71,8614.970000000001,2021-03-07
67,NoteBook,João,10,3175.46,31754.6,2021-03-07
68,Webcam,Maria,10,167.06,1670.6,2021-03-08
69,Impressora,Carlos,10,1011.74,10117.4,2021-03-09
70,NoteBook,João,10,3211.89,32118.899999999998,2021-03-10
71,Impressora,João,9,1433.06,12897.539999999999,2021-03-10
72,Impressora,Maria,5,1093.77,5468.85,2021-03-10
73,Fone,Beatriz,1,282.33,282.33,2021-03-10
74,Impressora,João,3,1022.31,3066.93,2021-03-11
75,Webcam,João,2,183.27,366.54,2021-03-11
76,HD Externo,Maria,4,322.09,1288.36,2021-03-12
77,Fone,Beatriz,4,204.99,819.96,2021-03-12
78,Webcam,Maria,7,164.44,1151.08,2021-03-13
79,Mouse,Maria,7,95.79,670.5300000000001,2021-03-14
80,Impressora,Maria,3,1425.34,4276.0199999999995,2021-03-14
81,HD Externo,Beatriz,2,447.36,894.72,2021-03-15
82,HD Externo,Ana,10,426.34,4263.4,2021-03-18
83,Mouse,Maria,4,99.81,399.24,2021-03-20
84,HD Externo,Beatriz,2,420.1,840.2,2021-03-21
85,Monitor,Ana,8,795.47,6363.76,2021-03-21
86,HD Externo,Maria,7,471.76,3302.3199999999997,2021-03-24
87,HD Externo,João,10,392.56,3925.6,2021-03-25
88,Webcam,Maria,10,213.01,2130.1,2021-03-27
89,Webcam,Beatriz,3,222.3,666.9000000000001,2021-03-30
90,Monitor,Beatriz,1,872.46,872.46,2021-03-31
91,Monitor,João,6,835.53,5013.18,2021-04-04
92,Impressora,Carlos,2,995.33,1990.66,2021-04-04
93,Webcam,Ana,10,171.64,1716.3999999999999,2021-04-04
94,Teclado,Ana,7,143.71,1005.97,2021-04-05
95,Monitor,Beatriz,5,954.24,4771.2,2021-04-05
96,Mouse,Ana,9,84.56,761.04,2021-04-05
97,Teclado,João,10,149.22,1492.2,2021-04-08
98,Pendrive,João,4,82.17,328.68,2021-04-09
99,Fone,Carlos,9,234.52,2110.6800000000003,2021-04-09
100,Pendrive,Maria,9,89.96,809.64,2021-04-10
101,Teclado,Beatriz,7,135.96,951.72,2021-04-11
102,Impressora,Carlos,3,1042.86,3128.58,2021-04-12
103,HD Externo,Maria,8,390.35,3122.8,2021-04-13
104,Fone,Maria,6,268.59,1611.54,2021-04-15
105,Fone,João,1,261.65,261.65,2021-04-16
106,Impressora,Maria,9,1024.99,9224.91,2021-04-19
107,HD Externo,João,7,361.47,2530.29,2021-04-20
108,Mouse,Maria,3,103.97,311.90999999999997,2021-04-20
109,Monitor,Carlos,2,925.89,1851.78,2021-04-20
110,Pendrive,Beatriz,3,91.24,273.71999999999997,2021-04-22
111,HD Externo,Carlos,3,468.81,1406.43,2021-04-22
112,Fone,Maria,4,263.86,1055.44,2021-04-23
113,Teclado,Carlos,4,137.48,549.92,2021-04-26
114,Impressora,Ana,3,1048.22,3144.66,2021-04-26
115,Monitor,Beatriz,8,915.89,7327.12,2021-04-26
116,Mouse,Ana,8,107.39,859.12,2021-04-27
117,Monitor,Beatriz,1,679.52,679.52,2021-04-28
118,NoteBook,Maria,7,3291.95,23043.649999999998,2021-04-29
119,Pendrive,Maria,10,94.99,949.9,2021-04-30
120,Mouse,Carlos,9,106.0,954.0,2021-04-30
121,Mouse,Ana,6,99.14,594.84,2021-05-01
122,Fone,João,5,246.62,1233.1,2021-05-02
123,Pendrive,Beatriz,4,93.21,372.84,2021-05-02
124,HD Externo,João,3,457.73,1373.19,2021-05-04
125,Webcam,Ana,5,171.02,855.1,2021-05-04
126,Fone,Ana,8,266.86,2134.88,2021-05-05
127,Impressora,Ana,9,1293.19,11638.710000000001,2021-05-06
128,Monitor,Maria,7,941.28,6588.96,2021-05-08
129,HD Externo,João,6,326.44,1958.6399999999999,2021-05-09
130,Pendrive,Maria,8,81.99,655.92,2021-05-10
131,NoteBook,Ana,9,3345.86,30112.74,2021-05-11
132,HD Externo,Maria,4,450.66,1802.64,2021-05-13
133,Fone,Carlos,4,293.15,1172.6,2021-05-13
134,HD Externo,Ana,9,449.9,4049.1,2021-05-14
135,Monitor,Carlos,2,672.63,1345.26,2021-05-16
136,Pendrive,Maria,9,73.82,664.3799999999999,2021-05-19
137,Teclado,Maria,8,162.52,1300.16,2021-05-19
138,Pendrive,Ana,10,74.82,748.1999999999999,2021-05-22
139,Monitor,Ana,8,840.85,6726.8,2021-05-22
140,HD Externo,João,3,341.27,1023.81,2021-05-23
141,Pendrive,Ana,10,84.31,843.1,2021-05-23
142,Mouse,Beatriz,8,101.87,814.96,2021-05-25
143,Webcam,Carlos,10,223.83,2238.3,2021-05-25
144,Mouse,Ana,5,110.51,552.5500000000001,2021-05-25
145,Impressora,Carlos,8,1168.58,9348.64,2021-05-25
146,Fone,Carlos,2,265.77,531.54,2021-05-26
147,Fone,Beatriz,9,282.45,2542.0499999999997,2021-05-27
148,Webcam,João,6,185.18,1111.08,2021-05-31
149,HD Externo,Ana,2,447.54,895.08,2021-06-02
150,Pendrive,Carlos,1,77.37,77.37,2021-06-03
151,Mouse,Ana,3,100.25,300.75,2021-06-06
152,Teclado,Beatriz,5,154.27,771.35,2021-06-07
153,Mouse,Carlos,1,107.35,107.35,2021-06-09
154,Impressora,Carlos,2,1014.5,2029.0,2021-06-09
155,NoteBook,João,3,3355.97,10067.91,2021-06-09
156,Fone,Ana,6,285.82,1714.92,2021-06-10
157,Monitor,Carlos,8,680.24,5441.92,2021-06-11
158,Webcam,Beatriz,7,206.46,1445.22,2021-06-12
159,Fone,Carlos,2,219.28,438.56,2021-06-12
160,HD Externo,Beatriz,9,428.64,3857.7599999999998,2021-06-15
161,Webcam,Maria,6,237.12,1422.72,2021-06-17
162,HD Externo,Ana,7,326.34,2284.3799999999997,2021-06-17
163,Teclado,Ana,1,149.85,149.85,2021-06-18
164,Fone,Carlos,3,255.53,766.59,2021-06-20
165,Mouse,Maria,5,96.46,482.29999999999995,2021-06-20
166,Mouse,João,4,99.81,399.24,2021-06-21
167,Pendrive,Ana,6,79.36,476.15999999999997,2021-06-22
168,HD Externo,Ana,2,446.8,893.6,2021-06-22
169,NoteBook,Maria,9,3276.38,29487.420000000002,2021-06-23
170,HD Externo,João,10,363.81,3638.1,2021-06-25
171,Fone,Beatriz,5,209.41,1047.05,2021-06-27
172,Webcam,Beatriz,7,213.1,1491.7,2021-06-28
173,Pendrive,João,3,77.36,232.07999999999998,2021-06-28
174,Pendrive,Beatriz,10,95.85,958.5,2021-06-28
175,Webcam,João,1,218.09,218.09,2021-06-28
176,Fone,Carlos,5,274.98,1374.9,2021-06-30
177,Mouse,João,2,86.61,173.22,2021-07-02
178,HD Externo,Ana,4,395.5,1582.0,2021-07-03
179,Fone,Ana,8,242.32,1938.56,2021-07-03
180,Mouse,Carlos,5,108.68,543.4000000000001,2021-07-04
181,Impressora,Beatriz,1,1271.42,1271.42,2021-07-04
182,NoteBook,Ana,7,2997.35,20981.45,2021-07-05
183,Impressora,Carlos,2,1439.9,2879.8,2021-07-05
184,Mouse,Beatriz,1,100.04,100.04,2021-07-06
185,HD Externo,Maria,9,466.47,4198.2300000000005,2021-07-08
186,Webcam,Beatriz,4,235.18,940.72,2021-07-09
187,Monitor,João,1,726.38,726.38,2021-07-11
188,NoteBook,João,3,3041.41,9124.23,2021-07-14
189,Fone,Maria,10,277.9,2779.0,2021-07-15
190,Mouse,Ana,3,87.83,263.49,2021-07-16
191,Impressora,Ana,5,1120.73,5603.65,2021-07-17
192,Fone,Ana,4,286.41,1145.64,2021-07-20
193,Impressora,Maria,1,979.56,979.56,2021-07-20
194,Impressora,Ana,8,1422.99,11383.92,2021-07-20
195,Monitor,Carlos,3,877.39,2632.17,2021-07-21
196,Monitor,Ana,1,836.05,836.05,2021-07-21
197,Monitor,Ana,2,696.82,1393.64,2021-07-21
198,Webcam,João,1,209.63,209.63,2021-07-22
199,Teclado,João,8,162.09,1296.72,2021-07-23
200,Monitor,Ana,9,827.57,7448.13,2021-07-25
201,HD Externo,Beatriz,7,474.3,3320.1,2021-07-25
202,Impressora,Maria,6,1189.49,7136.9400000000005,2021-07-27
203,Mouse,Beatriz,9,119.96,1079.6399999999999,2021-07-28
204,Mouse,João,6,100.45,602.7,2021-07-28
205,Fone,Maria,3,206.11,618.33,2021-07-28
206,Teclado,Carlos,1,124.06,124.06,2021-07-29
207,HD Externo,Beatriz,9,344.47,3100.2300000000005,2021-07-31
208,NoteBook,João,9,2986.91,26882.19,2021-08-03
209,Teclado,Beatriz,4,172.57,690.28,2021-08-03
210,Pendrive,Ana,1,76.28,76.28,2021-08-03
211,Impressora,Carlos,5,1134.44,5672.200000000001,2021-08-03
212,Teclado,João,8,148.21,1185.68,2021-08-04
213,Mouse,Carlos,7,94.07,658.49,2021-08-04
214,NoteBook,Maria,4,2419.05,9676.2,2021-08-04
215,Impressora,Ana,10,972.4,9724.0,2021-08-05
216,Monitor,Beatriz,2,640.67,1281.34,2021-08-05
217,Monitor,Beatriz,8,920.59,7364.72,2021-08-07
218,Fone,Carlos,2,218.42,436.84,2021-08-09
219,NoteBook,Maria,8,3446.71,27573.68,2021-08-09
220,Mouse,João,8,115.22,921.76,2021-08-11
221,HD Externo,Beatriz,6,354.18,2125.08,2021-08-12
222,Pendrive,Maria,7,69.18,484.26000000000005,2021-08-13
223,NoteBook,Beatriz,1,3460.9,3460.9,2021-08-13
224,HD Externo,Ana,6,431.77,2590.62,2021-08-13
225,Monitor,João,7,750.0,5250.0,2021-08-14
226,HD Externo,Ana,2,464.38,928.76,2021-08-15
227,Monitor,Maria,1,793.46,793.46,2021-08-16
228,Teclado,João,6,123.21,739.26,2021-08-17
229,NoteBook,Maria,2,2400.98,4801.96,2021-08-17
230,Mouse,Beatriz,1,108.85,108.85,2021-08-18
231,HD Externo,Ana,5,348.6,1743.0,2021-08-18
232,Pendrive,Beatriz,10,83.32,833.1999999999999,2021-08-18
233,Webcam,Beatriz,8,205.7,1645.6,2021-08-19
234,NoteBook,Ana,8,3551.04,28408.32,2021-08-19
235,Webcam,Carlos,1,164.85,164.85,2021-08-20
236,Fone,João,6,239.88,1439.28,2021-08-20
237,Impressora,Maria,8,985.8,7886.4,2021-08-23
238,HD Externo,Carlos,3,452.41,1357.23,2021-08-24
239,Monitor,João,1,817.8,817.8,2021-08-25
240,Teclado,Beatriz,9,135.66,1220.94,2021-08-25
241,Monitor,Carlos,4,951.98,3807.92,2021-08-26
242,Monitor,Ana,1,816.89,816.89,2021-08-27
243,NoteBook,Maria,4,3059.82,12239.28,2021-08-27
244,HD Externo,Beatriz,9,414.14,3727.2599999999998,2021-08-28
245,Impressora,Beatriz,8,1101.46,8811.68,2021-08-29
246,Webcam,Ana,1,207.92,207.92,2021-08-30
247,Monitor,Maria,8,938.78,7510.24,2021-08-31
248,Mouse,Maria,1,110.12,110.12,2021-08-31
249,Teclado,João,9,167.47,1507.23,2021-09-02
250,Webcam,Ana,5,176.31,881.55,2021-09-04
251,HD Externo,Ana,5,478.84,2394.2,2021-09-05
252,Pendrive,Ana,4,85.19,340.76,2021-09-07
253,HD Externo,Beatriz,10,370.22,3702.2000000000003,2021-09-12
254,Pendrive,Maria,3,76.89,230.67000000000002,2021-09-12
255,Teclado,Ana,10,137.64,1376.3999999999999,2021-09-13
256,Mouse,Carlos,10,91.74,917.4,2021-09-15
257,Mouse,João,9,102.73,924.57,2021-09-16
258,Impressora,Beatriz,10,1115.3,11153.0,2021-09-17
259,Monitor,Carlos,5,860.93,4304.65,2021-09-17
260,Pendrive,Beatriz,1,65.73,65.73,2021-09-18
261,Webcam,Beatriz,1,228.5,228.5,2021-09-18
262,Teclado,Carlos,3,149.74,449.22,2021-09-19
263,Teclado,Ana,9,127.54,1147.8600000000001,2021-09-22
264,Monitor,João,5,817.62,4088.1,2021-09-23
265,Webcam,Beatriz,10,212.47,2124.7,2021-09-23
266,Teclado,Maria,3,133.68,401.04,2021-09-24
267,Webcam,Carlos,10,230.22,2302.2,2021-09-24
268,Teclado,Ana,6,128.66,771.96,2021-09-26
269,Monitor,Beatriz,2,784.0,1568.0,2021-09-26
270,Pendrive,João,3,79.56,238.68,2021-09-27
271,Webcam,Beatriz,9,228.76,2058.84,2021-09-28
272,Webcam,Beatriz,5,203.53,1017.65,2021-09-29
273,NoteBook,Maria,5,3093.72,15468.599999999999,2021-09-29
274,NoteBook,João,1,3558.93,3558.93,2021-10-01
275,Fone,Ana,2,206.55,413.1,2021-10-01
276,Pendrive,Maria,2,85.38,170.76,2021-10-02
277,Monitor,Maria,7,841.31,5889.17,2021-10-03
278,Monitor,Carlos,8,705.23,5641.84,2021-10-03
279,Impressora,Ana,7,1288.69,9020.83,2021-10-05
280,NoteBook,Beatriz,10,2563.99,25639.899999999998,2021-10-06
281,Mouse,Carlos,6,98.57,591.42,2021-10-08
282,Pendrive,Carlos,10,85.26,852.6,2021-10-09
283,Fone,Carlos,3,220.16,660.48,2021-10-10
284,Monitor,Maria,8,678.92,5431.36,2021-10-12
285,Teclado,Maria,5,150.83,754.1500000000001,2021-10-12
286,Teclado,João,7,120.21,841.4699999999999,2021-10-13
287,Fone,Carlos,6,219.86,1319.16,2021-10-13
288,Pendrive,Beatriz,9,66.49,598.41,2021-10-14
289,Monitor,Beatriz,2,919.82,1839.64,2021-10-15
290,Monitor,Ana,4,755.27,3021.08,2021-10-17
291,Mouse,João,7,101.74,712.18,2021-10-18
292,HD Externo,Ana,1,473.33,473.33,2021-10-18
293,NoteBook,Maria,1,3137.48,3137.48,2021-10-20
294,NoteBook,João,3,3293.79,9881.369999999999,2021-10-20
295,Pendrive,João,5,69.03,345.15,2021-10-20
296,Mouse,João,1,105.01,105.01,2021-10-22
297,Fone,Ana,1,231.18,231.18,2021-10-22
298,Mouse,Maria,5,83.85,419.25,2021-10-23
299,Fone,Carlos,8,278.74,2229.92,2021-10-24
300,Mouse,Beatriz,3,89.26,267.78000000000003,2021-10-25
301,Impressora,Ana,4,1388.65,5554.6,2021-10-26
302,Pendrive,João,5,91.99,459.95,2021-10-27
303,Webcam,Maria,8,226.51,1812.08,2021-10-28
304,Webcam,Maria,6,184.33,1105.98,2021-10-29
305,Fone,Beatriz,9,208.61,1877.4900000000002,2021-10-29
306,Monitor,João,3,921.22,2763.66,2021-11-01
307,NoteBook,Carlos,2,3442.85,6885.7,2021-11-01
308,Monitor,Carlos,2,932.23,1864.46,2021-11-01
309,Teclado,Ana,8,152.9,1223.2,2021-11-01
310,Mouse,Ana,8,114.68,917.44,2021-11-01
311,NoteBook,Ana,7,3538.21,24767.47,2021-11-01
312,Impressora,Ana,8,1301.88,10415.04,2021-11-02
313,Mouse,João,1,95.51,95.51,2021-11-04
314,Impressora,Carlos,8,1321.15,10569.2,2021-11-04
315,Pendrive,João,2,75.36,150.72,2021-11-04
316,Fone,Ana,3,229.94,689.8199999999999,2021-11-04
317,Webcam,Maria,1,175.81,175.81,2021-11-07
318,Pendrive,Carlos,10,79.81,798.1,2021-11-07
319,Webcam,Beatriz,9,161.17,1450.53,2021-11-08
320,Teclado,Beatriz,2,167.19,334.38,2021-11-08
321,Fone,Beatriz,5,253.06,1265.3,2021-11-09
322,NoteBook,Beatriz,4,3523.38,14093.52,2021-11-09
323,Mouse,Maria,6,80.91,485.46,2021-11-09
324,HD Externo,Maria,7,389.5,2726.5,2021-11-12
325,Teclado,Ana,7,162.58,1138.0600000000002,2021-11-13
326,Pendrive,Beatriz,1,65.74,65.74,2021-11-14
327,Monitor,Carlos,7,700.3,4902.099999999999,2021-11-14
328,NoteBook,Maria,3,3188.28,9564.84,2021-11-14
329,Monitor,Beatriz,9,849.54,7645.86,2021-11-15
330,Monitor,João,5,933.28,4666.4,2021-11-17
331,Pendrive,Maria,5,80.42,402.1,2021-11-18
332,Teclado,Beatriz,2,143.77,287.54,2021-11-18
333,Fone,Beatriz,6,291.81,1750.8600000000001,2021-11-19
334,Webcam,Beatriz,3,207.44,622.3199999999999,2021-11-24
335,HD Externo,Maria,7,473.78,3316.46,2021-11-24
336,Pendrive,Carlos,7,70.33,492.31,2021-11-26
337,Impressora,Beatriz,2,1101.62,2203.24,2021-11-27
338,HD Externo,Carlos,1,380.23,380.23,2021-11-27
339,Fone,Ana,9,235.3,2117.7000000000003,2021-11-29
340,Mouse,Maria,6,107.58,645.48,2021-11-29
341,Impressora,Beatriz,8,981.72,7853.76,2021-11-30
342,Monitor,Maria,10,948.95,9489.5,2021-12-01
343,Impressora,João,1,1139.75,1139.75,2021-12-02
344,Monitor,João,9,911.77,8205.93,2021-12-02
345,Mouse,Carlos,7,116.29,814.0300000000001,2021-12-03
346,Monitor,Beatriz,10,750.23,7502.3,2021-12-03
347,HD Externo,Maria,1,412.96,412.96,2021-12-05
348,NoteBook,Carlos,3,2408.8,7226.400000000001,2021-12-07
349,Webcam,Beatriz,10,234.32,2343.2,2021-12-07
350,Mouse,Carlos,6,104.89,629.34,2021-12-07
351,Impressora,Ana,8,1272.12,10176.96,2021-12-09
352,Monitor,Maria,9,894.85,8053.650000000001,2021-12-09
353,Fone,Carlos,1,201.51,201.51,2021-12-10
354,Impressora,João,9,1015.82,9142.380000000001,2021-12-10
355,Teclado,Carlos,8,164.79,1318.32,2021-12-10
356,NoteBook,João,1,3595.88,3595.88,2021-12-13
357,Fone,Carlos,8,267.16,2137.28,2021-12-14
358,Mouse,Carlos,7,111.98,783.86,2021-12-14
359,Mouse,Beatriz,10,111.02,1110.2,2021-12-15
360,Teclado,Carlos,1,136.13,136.13,2021-12-17
361,Monitor,Carlos,8,768.05,6144.4,2021-12-18
362,Monitor,João,1,734.93,734.93,2021-12-19
363,Monitor,João,7,659.89,4619.23,2021-12-19
364,Monitor,Maria,10,751.61,7516.1,2021-12-20
365,Webcam,Maria,9,198.95,1790.55,2021-12-21
366,Pendrive,João,3,94.89,284.67,2021-12-21
367,Teclado,Beatriz,9,163.41,1470.69,2021-12-21
368,Fone,Beatriz,4,280.39,1121.56,2021-12-21
369,Impressora,Maria,6,1045.52,6273.12,2021-12-21
370,NoteBook,Ana,9,3216.36,28947.24,2021-12-21
371,NoteBook,Maria,5,2427.24,12136.199999999999,2021-12-22
372,Mouse,Carlos,10,89.4,894.0,2021-12-24
373,Monitor,Ana,8,888.66,7109.28,2021-12-24
374,Pendrive,Maria,5,91.23,456.15000000000003,2021-12-24
375,Monitor,Beatriz,10,937.1,9371.0,2021-12-24
376,NoteBook,Maria,10,2807.46,28074.6,2021-12-24
377,Mouse,João,4,104.42,417.68,2021-12-24
378,Teclado,Maria,10,147.39,1473.8999999999999,2021-12-26
379,Monitor,Ana,3,720.05,2160.1499999999996,2021-12-26
380,Webcam,Ana,9,188.32,1694.8799999999999,2021-12-26
381,Webcam,Beatriz,3,239.76,719.28,2021-12-27
382,Mouse,Carlos,3,89.89,269.67,2021-12-27
383,HD Externo,Maria,9,343.15,3088.35,2021-12-28
384,Fone,Ana,9,293.24,2639.16,2021-12-29
385,Pendrive,Beatriz,8,74.28,594.24,2022-01-01
386,Impressora,Beatriz,1,1137.3,1137.3,2022-01-02
387,Monitor,Beatriz,4,871.6,3486.4,2022-01-02
388,Webcam,Maria,7,185.22,1296.54,2022-01-02
389,HD Externo,João,7,464.14,3248.98,2022-01-04
390,Pendrive,Maria,4,70.67,282.68,2022-01-04
391,Pendrive,Ana,3,91.78,275.34000000000003,2022-01-05
392,Fone,João,1,206.63,206.63,2022-01-06
393,HD Externo,Maria,7,433.93,3037.51,2022-01-07
394,HD Externo,Ana,7,349.09,2443.6299999999997,2022-01-07
395,Webcam,Ana,8,209.33,1674.64,2022-01-08
396,Fone,Carlos,6,271.8,1630.8000000000002,2022-01-09
397,Teclado,Ana,1,170.53,170.53,2022-01-10
398,Teclado,Carlos,4,147.75,591.0,2022-01-10
399,NoteBook,Maria,2,3213.91,6427.82,2022-01-11
400,Webcam,Carlos,4,230.4,921.6,2022-01-12
401,Webcam,Carlos,9,230.04,2070.36,2022-01-12
402,Monitor,Ana,9,801.77,7215.93,2022-01-13
403,Webcam,João,8,217.42,1739.36,2022-01-15
404,Fone,João,6,252.29,1513.74,2022-01-17
405,Webcam,Carlos,6,162.87,977.22,2022-01-17
406,Webcam,Maria,1,169.59,169.59,2022-01-17
407,Monitor,Carlos,9,732.73,6594.57,2022-01-19
408,Impressora,Ana,6,1409.96,8459.76,2022-01-19
409,Webcam,Carlos,2,206.06,412.12,2022-01-21
410,Webcam,Maria,10,181.28,1812.8,2022-01-22
411,HD Externo,Ana,2,419.27,838.54,2022-01-22
412,Pendrive,Maria,8,82.32,658.56,2022-01-23
413,Webcam,Carlos,2,192.09,384.18,2022-01-24
414,Mouse,Beatriz,3,109.17,327.51,2022-01-25
415,Pendrive,Carlos,10,86.17,861.7,2022-01-28
416,Webcam,João,2,170.6,341.2,2022-01-29
417,Webcam,Ana,8,160.18,1281.44,2022-01-30
418,Pendrive,Carlos,4,83.74,334.96,2022-02-01
419,Monitor,Carlos,7,903.35,6323.45,2022-02-01
420,Impressora,Maria,7,991.86,6943.02,2022-02-02
421,NoteBook,Beatriz,3,3496.65,10489.95,2022-02-02
422,Webcam,Beatriz,5,213.42,1067.1,2022-02-03
423,NoteBook,Carlos,6,2964.96,17789.760000000002,2022-02-04
424,HD Externo,Maria,8,373.46,2987.68,2022-02-05
425,HD Externo,Maria,8,399.42,3195.36,2022-02-05
426,Mouse,Ana,4,98.32,393.28,2022-02-06
427,Teclado,Beatriz,9,143.24,1289.16,2022-02-07
428,Pendrive,Ana,7,76.07,532.49,2022-02-08
429,Webcam,Maria,4,177.73,710.92,2022-02-09
430,Pendrive,Carlos,10,94.89,948.9,2022-02-09
431,NoteBook,João,9,2988.42,26895.78,2022-02-11
432,HD Externo,Ana,10,326.06,3260.6,2022-02-12
433,Pendrive,Carlos,7,91.11,637.77,2022-02-14
434,Impressora,Carlos,7,1401.37,9809.59,2022-02-14
435,Fone,João,10,220.31,2203.1,2022-02-17
436,Fone,Ana,1,223.83,223.83,2022-02-20
437,Monitor,Ana,8,742.42,5939.36,2022-02-21
438,Teclado,João,8,179.38,1435.04,2022-02-22
439,NoteBook,Ana,9,2964.21,26677.89,2022-02-22
440,Teclado,João,10,125.07,1250.6999999999998,2022-02-23
441,Webcam,Maria,10,192.6,1926.0,2022-02-23
442,Mouse,João,6,83.48,500.88,2022-02-23
443,Fone,Beatriz,10,212.49,2124.9,2022-02-24
444,Impressora,Beatriz,6,1250.98,7505.88,2022-02-25
445,Webcam,Ana,10,167.87,1678.7,2022-02-25
446,Mouse,Carlos,1,102.53,102.53,2022-02-26
447,Mouse,Ana,6,89.44,536.64,2022-02-27
448,HD Externo,Maria,3,453.61,1360.83,2022-02-28
449,Fone,Maria,8,247.74,1981.92,2022-03-02
450,Webcam,Ana,4,184.92,739.68,2022-03-05
451,Impressora,João,1,997.66,997.66,2022-03-06
452,Pendrive,Maria,3,94.21,282.63,2022-03-08
453,Webcam,João,10,163.13,1631.3,2022-03-09
454,Impressora,Carlos,4,1085.92,4343.68,2022-03-10
455,Impressora,Maria,5,1051.89,5259.450000000001,2022-03-10
456,Webcam,Ana,10,227.19,2271.9,2022-03-11
457,Fone,Ana,2,242.84,485.68,2022-03-12
458,Fone,Maria,1,238.56,238.56,2022-03-12
459,Webcam,Maria,7,195.3,1367.1000000000001,2022-03-14
460,Webcam,Maria,6,227.58,1365.48,2022-03-21
461,Mouse,João,4,86.13,344.52,2022-03-21
462,Pendrive,João,7,76.65,536.5500000000001,2022-03-22
463,Webcam,Maria,6,235.39,1412.34,2022-03-23
464,Mouse,Carlos,8,105.93,847.44,2022-03-24
465,Pendrive,Maria,10,74.16,741.5999999999999,2022-03-24
466,Pendrive,Carlos,5,72.02,360.09999999999997,2022-03-30
467,NoteBook,Ana,6,2900.66,17403.96,2022-04-01
468,Fone,João,6,289.39,1736.34,2022-04-02
469,Teclado,Carlos,3,128.19,384.57,2022-04-02
470,NoteBook,Beatriz,7,3133.63,21935.41,2022-04-04
471,Mouse,Carlos,4,83.82,335.28,2022-04-04
472,Teclado,João,6,173.02,1038.1200000000001,2022-04-06
473,HD Externo,Ana,7,426.28,2983.96,2022-04-06
474,NoteBook,Maria,1,2665.06,2665.06,2022-04-08
475,Webcam,João,7,177.29,1241.03,2022-04-09
476,Teclado,Maria,1,149.37,149.37,2022-04-10
477,Impressora,Carlos,6,1183.85,7103.099999999999,2022-04-11
478,Mouse,João,5,115.46,577.3,2022-04-11
479,HD Externo,Maria,10,328.28,3282.7999999999997,2022-04-11
480,Fone,João,4,209.33,837.32,2022-04-13
481,NoteBook,João,8,2414.43,19315.44,2022-04-14
482,HD Externo,Carlos,10,384.62,3846.2,2022-04-15
483,Pendrive,Maria,1,83.46,83.46,2022-04-15
484,Fone,Ana,7,289.96,2029.7199999999998,2022-04-15
485,Mouse,Maria,3,117.09,351.27,2022-04-16
486,Fone,Beatriz,2,244.92,489.84,2022-04-16
487,Monitor,João,8,880.83,7046.64,2022-04-18
488,Fone,Beatriz,5,268.06,1340.3,2022-04-18
489,Monitor,Carlos,9,935.88,8422.92,2022-04-24
490,Impressora,João,10,1439.51,14395.1,2022-04-24
491,Teclado,João,3,142.34,427.02,2022-04-25
492,Teclado,Carlos,1,140.52,140.52,2022-04-25
493,Webcam,Maria,5,194.9,974.5,2022-04-26
494,Fone,João,9,241.01,2169.09,2022-04-26
495,Monitor,Carlos,4,957.95,3831.8,2022-04-26
496,HD Externo,Ana,5,337.13,1685.65,2022-04-27
497,Pendrive,Ana,3,77.41,232.23,2022-04-27
498,Fone,Carlos,9,200.66,1805.94,2022-04-29
499,Teclado,João,7,177.19,1240.33,2022-04-29
500,HD Externo,Ana,10,395.61,3956.1000000000004,2022-04-30
501,NoteBook,Carlos,6,2544.49,15266.939999999999,2022-05-01
502,Webcam,Carlos,4,190.15,760.6,2022-05-01
503,Pendrive,Carlos,5,93.08,465.4,2022-05-02
504,NoteBook,Maria,3,3303.03,9909.09,2022-05-03
505,Mouse,Carlos,4,84.84,339.36,2022-05-03
506,Teclado,Beatriz,4,160.78,643.12,2022-05-04
507,Impressora,Beatriz,8,1253.33,10026.64,2022-05-05
508,Mouse,Beatriz,8,101.88,815.04,2022-05-05
509,Teclado,Beatriz,1,153.08,153.08,2022-05-05
510,HD Externo,Ana,5,420.85,2104.25,2022-05-05
511,Impressora,Carlos,5,1129.87,5649.349999999999,2022-05-07
512,HD Externo,João,2,324.74,649.48,2022-05-08
513,Monitor,Beatriz,8,883.92,7071.36,2022-05-08
514,Pendrive,Ana,4,70.21,280.84,2022-05-08
515,Teclado,Carlos,10,121.93,1219.3000000000002,2022-05-08
516,Impressora,Beatriz,3,1177.8,3533.3999999999996,2022-05-09
517,Webcam,Ana,9,166.91,1502.19,2022-05-09
518,NoteBook,Beatriz,3,3008.27,9024.81,2022-05-11
519,Webcam,João,5,206.9,1034.5,2022-05-11
520,Monitor,Beatriz,3,927.66,2782.98,2022-05-12
521,Pendrive,João,3,91.41,274.23,2022-05-13
522,NoteBook,Beatriz,7,2872.06,20104.42,2022-05-14
523,Pendrive,Ana,7,68.85,481.94999999999993,2022-05-15
524,Mouse,João,7,119.19,834.3299999999999,2022-05-16
525,NoteBook,Ana,5,3163.38,15816.900000000001,2022-05-16
526,NoteBook,João,7,3462.54,24237.78,2022-05-18
527,HD Externo,Beatriz,4,406.66,1626.64,2022-05-18
528,Pendrive,Ana,3,91.3,273.9,2022-05-19
529,HD Externo,João,6,357.31,2143.86,2022-05-21
530,HD Externo,Maria,10,389.13,3891.3,2022-05-22
531,Webcam,Maria,7,204.68,1432.76,2022-05-23
532,Teclado,Maria,1,176.03,176.03,2022-05-26
533,Mouse,Maria,4,104.67,418.68,2022-05-26
534,Mouse,Carlos,2,115.43,230.86,2022-05-26
535,Pendrive,Ana,6,65.95,395.70000000000005,2022-05-27
536,NoteBook,Carlos,9,2428.89,21860.01,2022-05-27
537,Mouse,Ana,9,106.74,960.66,2022-05-27
538,Monitor,João,3,689.92,2069.7599999999998,2022-05-28
539,Impressora,Maria,2,1112.35,2224.7,2022-05-31
540,Mouse,Maria,8,100.72,805.76,2022-05-31
541,Fone,João,2,250.26,500.52,2022-06-02
542,Webcam,Ana,3,212.96,638.88,2022-06-03
543,Webcam,Ana,8,203.95,1631.6,2022-06-05
544,Impressora,Carlos,6,1345.7,8074.200000000001,2022-06-09
545,Fone,Maria,9,275.92,2483.28,2022-06-09
546,HD Externo,Beatriz,10,409.95,4099.5,2022-06-10
547,Monitor,Carlos,5,679.94,3399.7000000000003,2022-06-10
548,Teclado,João,8,144.22,1153.76,2022-06-10
549,Teclado,João,10,175.21,1752.1000000000001,2022-06-10
550,HD Externo,Ana,8,446.01,3568.08,2022-06-12
551,Monitor,Beatriz,8,712.09,5696.72,2022-06-12
552,HD Externo,Carlos,7,403.11,2821.77,2022-06-13
553,Impressora,Ana,1,1013.93,1013.93,2022-06-17
554,Mouse,Beatriz,6,105.48,632.88,2022-06-18
555,Monitor,Beatriz,9,754.76,6792.84,2022-06-19
556,Monitor,Beatriz,9,946.13,8515.17,2022-06-19
557,Monitor,Maria,4,769.83,3079.32,2022-06-20
558,Monitor,Ana,2,793.38,1586.76,2022-06-21
559,Pendrive,Beatriz,6,70.95,425.70000000000005,2022-06-22
560,Mouse,Maria,8,114.46,915.68,2022-06-22
561,Pendrive,Ana,7,66.59,466.13,2022-06-23
562,Monitor,Ana,1,897.51,897.51,2022-06-23
563,Mouse,Maria,4,80.42,321.68,2022-06-25
564,Impressora,Ana,8,1357.76,10862.08,2022-06-26
565,Mouse,Beatriz,2,115.34,230.68,2022-06-26
566,Fone,João,6,251.22,1507.32,2022-06-26
567,Mouse,João,6,113.19,679.14,2022-06-26
568,Monitor,Maria,8,675.09,5400.72,2022-06-27
569,Webcam,Maria,2,190.06,380.12,2022-07-01
570,Fone,Carlos,10,274.82,2748.2,2022-07-01
571,Mouse,Maria,1,113.48,113.48,2022-07-03
572,Pendrive,Ana,8,85.6,684.8,2022-07-04
573,Monitor,Beatriz,10,956.29,9562.9,2022-07-05
574,Pendrive,Maria,3,82.05,246.14999999999998,2022-07-07
575,Impressora,Beatriz,10,966.42,9664.199999999999,2022-07-07
576,Teclado,Carlos,2,150.43,300.86,2022-07-09
577,Pendrive,Carlos,4,73.72,294.88,2022-07-11
578,Teclado,Beatriz,8,135.62,1084.96,2022-07-12
579,Webcam,Beatriz,2,191.17,382.34,2022-07-13
580,Webcam,Maria,10,218.84,2188.4,2022-07-14
581,HD Externo,Maria,5,365.93,1829.65,2022-07-17
582,Monitor,Beatriz,1,893.43,893.43,2022-07-19
583,Teclado,Beatriz,3,178.27,534.8100000000001,2022-07-20
584,Mouse,Ana,9,88.63,797.67,2022-07-21
585,Impressora,Carlos,6,1369.32,8215.92,2022-07-21
586,Pendrive,Carlos,3,95.34,286.02,2022-07-22
587,Fone,Beatriz,8,264.06,2112.48,2022-07-22
588,HD Externo,Ana,10,385.47,3854.7000000000003,2022-07-25
589,HD Externo,Beatriz,10,347.5,3475.0,2022-07-25
590,Fone,Carlos,1,245.15,245.15,2022-07-26
591,Teclado,Maria,3,142.12,426.36,2022-07-27
592,Teclado,Maria,8,125.06,1000.48,2022-07-27
593,Pendrive,Carlos,7,81.42,569.94,2022-07-27
594,HD Externo,Beatriz,10,338.36,3383.6000000000004,2022-07-28
595,Pendrive,Ana,3,95.24,285.71999999999997,2022-07-29
596,NoteBook,Ana,8,2544.87,20358.96,2022-07-30
597,Mouse,Carlos,1,92.43,92.43,2022-07-31
598,Fone,Beatriz,2,266.03,532.06,2022-07-31
599,Webcam,Beatriz,4,228.16,912.64,2022-07-31
600,Monitor,Carlos,6,798.38,4790.28,2022-07-31
601,Webcam,Maria,3,218.06,654.1800000000001,2022-08-04
602,HD Externo,Ana,8,439.78,3518.24,2022-08-05
603,HD Externo,Ana,4,330.58,1322.32,2022-08-07
604,Pendrive,Maria,8,78.22,625.76,2022-08-11
605,Impressora,Beatriz,2,983.6,1967.2,2022-08-11
606,Pendrive,Carlos,8,76.03,608.24,2022-08-12
607,HD Externo,Carlos,4,423.28,1693.12,2022-08-13
608,NoteBook,Beatriz,9,2877.75,25899.75,2022-08-13
609,Impressora,Beatriz,4,1393.66,5574.64,2022-08-14
610,Mouse,Ana,5,118.97,594.85,2022-08-17
611,HD Externo,Maria,9,401.99,3617.91,2022-08-17
612,Fone,João,4,263.34,1053.36,2022-08-18
613,Teclado,Ana,4,127.96,511.84,2022-08-18
614,Webcam,Carlos,4,239.86,959.44,2022-08-19
615,Teclado,João,10,139.02,1390.2,2022-08-20
616,Mouse,Maria,4,82.05,328.2,2022-08-23
617,Teclado,João,10,123.86,1238.6,2022-08-25
618,Monitor,Ana,3,740.91,2222.73,2022-08-28
619,NoteBook,Carlos,4,3512.76,14051.04,2022-08-28
620,Webcam,Ana,2,199.36,398.72,2022-08-29
621,Monitor,Beatriz,10,751.29,7512.9,2022-08-30
622,Fone,Ana,7,246.72,1727.04,2022-08-31
623,Teclado,Ana,9,153.5,1381.5,2022-08-31
624,Teclado,Maria,6,155.4,932.4000000000001,2022-09-02
625,HD Externo,Beatriz,2,418.6,837.2,2022-09-03
626,Impressora,Carlos,3,1015.33,3045.9900000000002,2022-09-06
627,Monitor,João,2,903.09,1806.18,2022-09-07
628,Webcam,Carlos,6,224.44,1346.6399999999999,2022-09-07
629,Pendrive,Carlos,4,90.58,362.32,2022-09-08
630,NoteBook,Maria,7,2521.96,17653.72,2022-09-08
631,NoteBook,Ana,2,2989.88,5979.76,2022-09-09
632,NoteBook,Maria,3,3381.28,10143.84,2022-09-11
633,Pendrive,João,1,74.8,74.8,2022-09-12
634,Pendrive,Maria,5,94.46,472.29999999999995,2022-09-13
635,Mouse,Maria,4,111.22,444.88,2022-09-14
636,Teclado,João,6,174.79,1048.74,2022-09-15
637,Impressora,Ana,7,1344.36,9410.519999999999,2022-09-15
638,Impressora,Maria,9,1262.67,11364.03,2022-09-17
639,Teclado,Ana,9,151.66,1364.94,2022-09-18
640,Monitor,Ana,3,891.94,2675.82,2022-09-21
641,Pendrive,Carlos,10,93.62,936.2,2022-09-23
642,Monitor,Ana,4,851.87,3407.48,2022-09-23
643,Mouse,João,9,90.0,810.0,2022-09-24
644,Webcam,Beatriz,1,239.84,239.84,2022-09-27
645,Webcam,Ana,10,188.86,1888.6000000000001,2022-09-29
646,Webcam,Carlos,4,239.11,956.44,2022-09-30
647,Fone,Maria,6,242.0,1452.0,2022-09-30
648,Webcam,Carlos,4,175.82,703.28,2022-10-02
649,NoteBook,Beatriz,8,2451.62,19612.96,2022-10-03
650,Monitor,Maria,3,778.83,2336.4900000000002,2022-10-04
651,Teclado,Ana,10,123.07,1230.6999999999998,2022-10-04
652,Teclado,Maria,2,120.69,241.38,2022-10-04
653,Fone,Ana,6,227.45,1364.6999999999998,2022-10-05
654,Mouse,João,4,96.73,386.92,2022-10-06
655,NoteBook,Ana,7,3420.61,23944.27,2022-10-06
656,HD Externo,Carlos,6,435.49,2612.94,2022-10-08
657,Monitor,Ana,7,695.76,4870.32,2022-10-09
658,Monitor,Maria,2,744.36,1488.72,2022-10-09
659,Teclado,Ana,8,153.07,1224.56,2022-10-10
660,Fone,João,10,229.15,2291.5,2022-10-10
661,Webcam,Carlos,2,181.04,362.08,2022-10-10
662,Fone,João,10,296.48,2964.8,2022-10-11
663,Impressora,João,10,1080.64,10806.400000000001,2022-10-13
664,NoteBook,Maria,1,3486.35,3486.35,2022-10-13
665,Impressora,João,7,1231.05,8617.35,2022-10-13
666,Pendrive,Ana,9,90.2,811.8000000000001,2022-10-15
667,Monitor,João,2,693.17,1386.34,2022-10-16
668,Impressora,Maria,8,983.33,7866.64,2022-10-16
669,Monitor,Beatriz,5,881.23,4406.15,2022-10-17
670,Teclado,Carlos,10,159.03,1590.3,2022-10-17
671,NoteBook,Beatriz,4,3572.05,14288.2,2022-10-17
672,Mouse,Carlos,10,105.62,1056.2,2022-10-17
673,Mouse,Maria,9,89.06,801.54,2022-10-17
674,Monitor,Carlos,8,856.53,6852.24,2022-10-18
675,HD Externo,Beatriz,4,467.85,1871.4,2022-10-20
676,Mouse,Beatriz,8,119.63,957.04,2022-10-20
677,Pendrive,Maria,9,88.62,797.58,2022-10-21
678,Pendrive,João,10,78.44,784.4,2022-10-21
679,Mouse,Ana,10,99.16,991.5999999999999,2022-10-23
680,Mouse,Maria,10,80.9,809.0,2022-10-23
681,Monitor,João,8,827.05,6616.4,2022-10-25
682,Fone,Maria,4,266.12,1064.48,2022-10-25
683,Impressora,João,3,1040.11,3120.33,2022-10-27
684,NoteBook,João,3,2849.28,8547.84,2022-10-28
685,Mouse,Carlos,10,106.81,1068.1,2022-10-29
686,Fone,João,9,202.33,1820.97,2022-10-29
687,Teclado,Maria,2,150.5,301.0,2022-10-29
688,Teclado,Ana,9,146.92,1322.28,2022-10-31
689,Mouse,Ana,10,103.35,1033.5,2022-10-31
690,Mouse,Beatriz,10,92.84,928.4000000000001,2022-10-31
691,Webcam,João,3,182.16,546.48,2022-11-01
692,Pendrive,Maria,10,90.9,909.0,2022-11-01
693,Mouse,Ana,5,110.44,552.2,2022-11-02
694,Pendrive,Ana,2,87.0,174.0,2022-11-02
695,Impressora,João,5,1260.98,6304.9,2022-11-02
696,Monitor,Maria,4,808.47,3233.88,2022-11-02
697,Pendrive,João,8,91.8,734.4,2022-11-02
698,NoteBook,Carlos,4,3583.64,14334.56,2022-11-04
699,HD Externo,Carlos,7,479.82,3358.74,2022-11-07
700,HD Externo,Ana,2,442.08,884.16,2022-11-07
701,Webcam,Beatriz,9,229.39,2064.5099999999998,2022-11-08
702,Teclado,João,4,171.1,684.4,2022-11-09
703,Impressora,Maria,6,1235.22,7411.32,2022-11-10
704,Teclado,Carlos,5,156.75,783.75,2022-11-11
705,NoteBook,João,6,3362.3,20173.800000000003,2022-11-11
706,NoteBook,Beatriz,6,3109.36,18656.16,2022-11-12
707,Fone,Beatriz,4,215.18,860.72,2022-11-13
708,Impressora,João,5,1007.33,5036.650000000001,2022-11-14
709,HD Externo,Ana,1,368.05,368.05,2022-11-14
710,HD Externo,Maria,4,388.57,1554.28,2022-11-15
711,Webcam,João,8,230.51,1844.08,2022-11-17
712,Webcam,Ana,8,200.76,1606.08,2022-11-17
713,Mouse,Ana,3,107.7,323.1,2022-11-18
714,Impressora,Beatriz,2,989.62,1979.24,2022-11-21
715,Webcam,Maria,1,166.39,166.39,2022-11-21
716,Webcam,Maria,6,227.4,1364.4,2022-11-22
717,Webcam,Ana,3,164.93,494.79,2022-11-24
718,Teclado,Carlos,1,149.47,149.47,2022-11-24
719,HD Externo,Maria,10,383.15,3831.5,2022-11-24
720,HD Externo,Beatriz,9,361.68,3255.12,2022-11-25
721,Webcam,Maria,9,232.59,2093.31,2022-11-25
722,Pendrive,Maria,2,71.03,142.06,2022-11-25
723,Webcam,João,6,196.18,1177.08,2022-11-26
724,HD Externo,Ana,8,459.7,3677.6,2022-11-27
725,NoteBook,Beatriz,9,3265.46,29389.14,2022-11-27
726,Mouse,Ana,3,82.1,246.29999999999998,2022-11-27
727,Teclado,Carlos,2,149.21,298.42,2022-11-28
728,Teclado,Maria,1,131.98,131.98,2022-11-29
729,Monitor,Ana,10,826.85,8268.5,2022-11-29
730,Fone,João,6,229.04,1374.24,2022-12-01
731,Mouse,João,1,84.26,84.26,2022-12-03
732,NoteBook,Carlos,3,2580.2,7740.599999999999,2022-12-03
733,Fone,Maria,3,200.76,602.28,2022-12-06
734,HD Externo,João,5,440.12,2200.6,2022-12-06
735,Monitor,Beatriz,8,791.64,6333.12,2022-12-07
736,Pendrive,Carlos,1,77.93,77.93,2022-12-09
737,Monitor,Carlos,6,681.69,4090.1400000000003,2022-12-11
738,Pendrive,Ana,4,67.91,271.64,2022-12-11
739,Teclado,Maria,1,138.62,138.62,2022-12-13
740,Webcam,Beatriz,9,178.81,1609.29,2022-12-14
741,NoteBook,Beatriz,2,3446.0,6892.0,2022-12-15
742,HD Externo,Carlos,3,358.6,1075.8000000000002,2022-12-16
743,NoteBook,Ana,1,2635.35,2635.35,2022-12-17
744,Pendrive,Carlos,6,87.64,525.84,2022-12-19
745,Fone,Carlos,10,234.71,2347.1,2022-12-20
746,NoteBook,Maria,10,3034.86,30348.600000000002,2022-12-20
747,Mouse,João,3,98.46,295.38,2022-12-22
748,Pendrive,Maria,9,88.58,797.22,2022-12-22
749,Monitor,Maria,7,945.27,6616.889999999999,2022-12-22
750,HD Externo,Beatriz,7,427.54,2992.78,2022-12-23
751,Pendrive,Beatriz,4,70.75,283.0,2022-12-23
752,Mouse,Carlos,9,91.26,821.34,2022-12-26
753,Monitor,Beatriz,9,876.95,7892.55,2022-12-27
754,Monitor,Ana,1,719.19,719.19,2022-12-27
755,HD Externo,Beatriz,3,384.18,1152.54,2022-12-29
756,Teclado,Carlos,9,157.49,1417.41,2022-12-30
757,Fone,Carlos,10,291.04,2910.4,2022-12-30
758,Monitor,Ana,2,693.0,1386.0,2022-12-30
759,HD Externo,Beatriz,6,394.4,2366.3999999999996,2022-12-31
760,Webcam,Beatriz,10,160.5,1605.0,2023-01-03
761,Teclado,João,5,136.81,684.05,2023-01-03
762,Teclado,Ana,6,156.26,937.56,2023-01-06
763,Teclado,Carlos,5,126.81,634.05,2023-01-07
764,Mouse,Maria,3,104.39,313.17,2023-01-08
765,Pendrive,João,10,88.67,886.7,2023-01-08
766,Fone,Maria,2,281.46,562.92,2023-01-09
767,Webcam,Maria,5,168.78,843.9,2023-01-10
768,Fone,Ana,7,205.01,1435.07,2023-01-10
769,Mouse,Ana,2,88.96,177.92,2023-01-11
770,Webcam,Maria,1,203.39,203.39,2023-01-12
771,Impressora,Maria,6,1046.37,6278.219999999999,2023-01-12
772,Teclado,Beatriz,5,156.9,784.5,2023-01-14
773,Pendrive,Maria,1,73.86,73.86,2023-01-15
774,Fone,Carlos,6,231.41,1388.46,2023-01-15
775,NoteBook,Beatriz,3,2633.29,7899.87,2023-01-16
776,Fone,João,4,219.26,877.04,2023-01-16
777,Monitor,Ana,4,834.34,3337.36,2023-01-16
778,Webcam,Maria,1,207.79,207.79,2023-01-17
779,Webcam,João,10,173.9,1739.0,2023-01-18
780,Pendrive,João,3,74.17,222.51,2023-01-18
781,Webcam,Beatriz,7,182.54,1277.78,2023-01-19
782,Mouse,João,8,103.08,824.64,2023-01-19
783,Monitor,João,8,841.82,6734.56,2023-01-20
784,Teclado,Beatriz,6,145.5,873.0,2023-01-20
785,Impressora,João,2,1255.92,2511.84,2023-01-21
786,Fone,Ana,1,203.04,203.04,2023-01-23
787,Impressora,Carlos,9,1000.59,9005.31,2023-01-25
788,HD Externo,Beatriz,10,329.8,3298.0,2023-01-25
789,Webcam,João,4,205.82,823.28,2023-01-25
790,Fone,Carlos,3,214.96,644.88,2023-01-28
791,Fone,João,6,257.67,1546.02,2023-01-28
792,Pendrive,Maria,3,78.22,234.66,2023-01-28
793,Mouse,Ana,5,114.22,571.1,2023-01-29
794,HD Externo,João,7,320.92,2246.44,2023-01-30
795,Teclado,Maria,10,153.76,1537.6,2023-01-30
796,Monitor,Beatriz,1,802.76,802.76,2023-01-31
797,HD Externo,Carlos,4,335.79,1343.16,2023-01-31
798,Pendrive,Beatriz,3,80.27,240.81,2023-02-01
799,Fone,João,5,271.48,1357.4,2023-02-01
800,Teclado,Maria,8,141.18,1129.44,2023-02-01
801,Pendrive,Ana,8,75.17,601.36,2023-02-03
802,Mouse,Ana,8,102.45,819.6,2023-02-04
803,NoteBook,Beatriz,3,3498.85,10496.55,2023-02-05
804,Webcam,Maria,7,162.13,1134.9099999999999,2023-02-05
805,Webcam,Carlos,8,166.85,1334.8,2023-02-05
806,NoteBook,Beatriz,10,2954.97,29549.699999999997,2023-02-06
807,Fone,João,2,219.93,439.86,2023-02-06
808,Pendrive,Carlos,6,68.04,408.24,2023-02-07
809,Webcam,Ana,7,180.7,1264.8999999999999,2023-02-08
810,NoteBook,João,9,2791.15,25120.350000000002,2023-02-08
811,Fone,Beatriz,9,273.42,2460.78,2023-02-09
812,HD Externo,João,3,457.36,1372.08,2023-02-11
813,Fone,Ana,3,264.79,794.3700000000001,2023-02-12
814,Webcam,Maria,4,174.47,697.88,2023-02-12
815,NoteBook,Carlos,8,2798.09,22384.72,2023-02-16
816,Fone,Ana,9,230.43,2073.87,2023-02-16
817,Fone,Carlos,4,280.56,1122.24,2023-02-17
818,Mouse,João,4,112.04,448.16,2023-02-17
819,Webcam,João,7,205.74,1440.18,2023-02-19
820,Teclado,Carlos,5,153.59,767.95,2023-02-19
821,NoteBook,Beatriz,4,2616.23,10464.92,2023-02-23
822,Teclado,Maria,2,159.79,319.58,2023-02-25
823,Impressora,Beatriz,2,991.34,1982.68,2023-02-26
824,Mouse,Ana,10,86.79,867.9000000000001,2023-02-27
825,NoteBook,Ana,6,2758.66,16551.96,2023-02-28
826,Teclado,Maria,9,130.64,1175.7599999999998,2023-03-01
827,Monitor,João,6,914.53,5487.18,2023-03-01
828,Teclado,Maria,2,163.31,326.62,2023-03-02
829,Teclado,Maria,7,138.39,968.7299999999999,2023-03-03
830,Pendrive,Carlos,6,89.54,537.24,2023-03-03
831,Pendrive,João,8,94.1,752.8,2023-03-04
832,Teclado,Carlos,8,179.2,1433.6,2023-03-06
833,Webcam,Ana,5,239.5,1197.5,2023-03-06
834,Webcam,Maria,6,183.79,1102.74,2023-03-08
835,Teclado,Maria,10,136.02,1360.2,2023-03-09
836,Impressora,Carlos,1,986.23,986.23,2023-03-10
837,Pendrive,João,9,72.22,649.98,2023-03-12
838,Pendrive,Beatriz,2,95.14,190.28,2023-03-13
839,Webcam,Maria,2,209.69,419.38,2023-03-13
840,Webcam,Carlos,4,163.29,653.16,2023-03-14
841,Monitor,Maria,5,885.85,4429.25,2023-03-14
842,Webcam,Beatriz,4,166.9,667.6,2023-03-16
843,Monitor,Ana,5,867.19,4335.950000000001,2023-03-17
844,HD Externo,João,8,452.87,3622.96,2023-03-18
845,Fone,João,6,225.98,1355.8799999999999,2023-03-19
846,Monitor,Carlos,7,926.77,6487.389999999999,2023-03-21
847,Pendrive,João,5,67.39,336.95,2023-03-22
848,NoteBook,Maria,1,2894.03,2894.03,2023-03-23
849,Pendrive,João,6,73.58,441.48,2023-03-28
850,Pendrive,Ana,10,67.86,678.6,2023-03-28
851,Pendrive,Ana,2,74.21,148.42,2023-03-28
852,Webcam,Ana,2,230.84,461.68,2023-03-31
853,Monitor,Carlos,3,735.03,2205.09,2023-03-31
854,Pendrive,Ana,10,88.68,886.8000000000001,2023-04-01
855,Pendrive,Beatriz,7,78.51,549.57,2023-04-02
856,Monitor,Beatriz,4,762.88,3051.52,2023-04-02
857,Impressora,João,4,1371.17,5484.68,2023-04-02
858,Pendrive,João,4,71.67,286.68,2023-04-04
859,NoteBook,Beatriz,1,2437.81,2437.81,2023-04-06
860,Pendrive,Carlos,6,85.31,511.86,2023-04-06
861,Mouse,Maria,4,80.4,321.6,2023-04-06
862,Teclado,Carlos,1,130.33,130.33,2023-04-07
863,Teclado,Beatriz,4,129.94,519.76,2023-04-07
864,Pendrive,Beatriz,7,87.13,609.91,2023-04-09
865,Teclado,Ana,5,135.06,675.3,2023-04-10
866,Teclado,Beatriz,6,172.56,1035.3600000000001,2023-04-10
867,Fone,Beatriz,2,297.5,595.0,2023-04-11
868,Pendrive,Carlos,1,67.49,67.49,2023-04-12
869,Pendrive,João,9,68.72,618.48,2023-04-13
870,HD Externo,Carlos,8,424.18,3393.44,2023-04-13
871,Teclado,Maria,8,145.55,1164.4,2023-04-14
872,HD Externo,Carlos,9,326.02,2934.18,2023-04-16
873,Fone,Maria,5,292.65,1463.25,2023-04-18
874,Mouse,João,6,92.84,557.04,2023-04-18
875,Fone,João,7,272.96,1910.7199999999998,2023-04-18
876,NoteBook,João,2,3081.37,6162.74,2023-04-19
877,NoteBook,Ana,2,2938.86,5877.72,2023-04-19
878,NoteBook,Ana,9,2498.29,22484.61,2023-04-20
879,NoteBook,Ana,7,3288.18,23017.26,2023-04-21
880,Mouse,Maria,7,114.78,803.46,2023-04-22
881,Pendrive,Maria,9,65.25,587.25,2023-04-23
882,NoteBook,Maria,2,2953.7,5907.4,2023-04-25
883,NoteBook,Beatriz,6,3425.07,20550.420000000002,2023-04-26
884,HD Externo,João,1,397.6,397.6,2023-04-26
885,Pendrive,João,7,91.34,639.38,2023-04-27
886,Pendrive,Maria,1,95.73,95.73,2023-04-27
887,Pendrive,Carlos,5,79.97,399.85,2023-04-28
888,Fone,João,2,204.29,408.58,2023-04-29
889,Monitor,Maria,3,944.66,2833.98,2023-04-29
890,Teclado,Maria,10,142.51,1425.1,2023-05-01
891,NoteBook,Maria,8,2506.95,20055.6,2023-05-02
892,Monitor,Beatriz,9,823.0,7407.0,2023-05-02
893,NoteBook,Ana,9,3078.61,27707.49,2023-05-03
894,Teclado,João,2,165.4,330.8,2023-05-03
895,Mouse,João,2,95.99,191.98,2023-05-04
896,NoteBook,Beatriz,5,2700.31,13501.55,2023-05-05
897,Mouse,Beatriz,8,107.5,860.0,2023-05-06
898,HD Externo,Carlos,10,429.46,4294.599999999999,2023-05-07
899,Teclado,João,7,156.18,1093.26,2023-05-08
900,NoteBook,João,2,3117.3,6234.6,2023-05-09
901,Teclado,Ana,5,121.85,609.25,2023-05-09
902,Teclado,Carlos,7,151.18,1058.26,2023-05-09
903,Teclado,João,5,154.29,771.4499999999999,2023-05-12
904,HD Externo,Beatriz,6,416.13,2496.7799999999997,2023-05-13
905,Webcam,Carlos,1,223.81,223.81,2023-05-14
906,HD Externo,Maria,5,466.81,2334.05,2023-05-14
907,Impressora,Carlos,9,1100.48,9904.32,2023-05-16
908,Fone,Ana,1,206.94,206.94,2023-05-18
909,Fone,Ana,4,279.37,1117.48,2023-05-19
910,Fone,Ana,3,220.56,661.6800000000001,2023-05-21
911,NoteBook,Maria,2,3187.0,6374.0,2023-05-21
912,Monitor,Ana,8,714.45,5715.6,2023-05-23
913,Pendrive,João,3,82.96,248.88,2023-05-25
914,Impressora,Beatriz,3,1370.26,4110.78,2023-05-28
915,Webcam,João,4,198.02,792.08,2023-05-29
916,Fone,Beatriz,5,253.98,1269.8999999999999,2023-05-30
917,HD Externo,Carlos,10,330.79,3307.9,2023-05-31
918,Monitor,Carlos,9,719.92,6479.28,2023-06-05
919,Impressora,Beatriz,9,1278.11,11502.99,2023-06-07
920,Fone,Beatriz,1,298.92,298.92,2023-06-08
921,Mouse,Carlos,10,92.81,928.1,2023-06-08
922,Pendrive,Beatriz,3,73.0,219.0,2023-06-09
923,Pendrive,Maria,9,71.21,640.89,2023-06-09
924,Webcam,Carlos,4,199.84,799.36,2023-06-10
925,Teclado,Maria,9,144.75,1302.75,2023-06-11
926,Fone,Maria,4,289.37,1157.48,2023-06-11
927,Teclado,Maria,6,161.49,968.94,2023-06-12
928,Webcam,Ana,10,169.3,1693.0,2023-06-13
929,NoteBook,Beatriz,9,2791.89,25127.01,2023-06-14
930,Teclado,Carlos,10,120.77,1207.7,2023-06-14
931,Webcam,Carlos,6,229.52,1377.1200000000001,2023-06-16
932,Monitor,Ana,4,795.69,3182.76,2023-06-17
933,Fone,Maria,5,283.88,1419.4,2023-06-19
934,HD Externo,Ana,2,332.19,664.38,2023-06-20
935,NoteBook,Beatriz,7,2986.03,20902.210000000003,2023-06-20
936,Teclado,João,7,176.62,1236.3400000000001,2023-06-20
937,Teclado,Ana,4,139.09,556.36,2023-06-20
938,Mouse,Ana,8,104.21,833.68,2023-06-22
939,HD Externo,Maria,5,369.6,1848.0,2023-06-22
940,Teclado,Ana,10,152.33,1523.3000000000002,2023-06-22
941,NoteBook,Ana,1,2721.14,2721.14,2023-06-24
942,Monitor,Carlos,4,706.22,2824.88,2023-06-24
943,NoteBook,João,9,2726.45,24538.05,2023-06-24
944,Webcam,Beatriz,10,219.26,2192.6,2023-06-26
945,Impressora,Maria,7,1246.56,8725.92,2023-06-26
946,Monitor,Beatriz,10,908.09,9080.9,2023-06-26
947,Fone,Ana,8,235.19,1881.52,2023-06-27
948,Mouse,João,9,107.74,969.66,2023-06-29
949,Pendrive,Beatriz,6,85.32,511.91999999999996,2023-06-30
950,Webcam,Beatriz,4,227.59,910.36,2023-07-01
951,Pendrive,Maria,6,91.01,546.0600000000001,2023-07-03
952,Fone,Maria,8,242.59,1940.72,2023-07-04
953,NoteBook,João,7,2543.46,17804.22,2023-07-04
954,Monitor,Beatriz,9,779.14,7012.26,2023-07-08
955,Pendrive,Carlos,10,91.47,914.7,2023-07-08
956,Mouse,Carlos,10,109.1,1091.0,2023-07-08
957,NoteBook,Carlos,10,3046.47,30464.699999999997,2023-07-09
958,NoteBook,Beatriz,10,3081.75,30817.5,2023-07-09
959,Mouse,Maria,4,102.92,411.68,2023-07-19
960,HD Externo,Maria,5,405.19,2025.95,2023-07-21
961,NoteBook,Ana,4,2879.68,11518.72,2023-07-22
962,Webcam,Maria,7,216.67,1516.6899999999998,2023-07-23
963,Mouse,Carlos,5,101.11,505.55,2023-07-24
964,Monitor,Maria,6,715.53,4293.18,2023-07-24
965,HD Externo,João,5,445.63,2228.15,2023-07-26
966,Impressora,Ana,3,1257.41,3772.2300000000005,2023-07-27
967,Impressora,João,10,1048.17,10481.7,2023-07-28
968,Pendrive,João,2,68.99,137.98,2023-07-28
969,Impressora,Maria,6,1155.07,6930.42,2023-07-28
970,Pendrive,Carlos,2,81.95,163.9,2023-07-29
971,HD Externo,Beatriz,5,330.65,1653.25,2023-07-29
972,Pendrive,Beatriz,10,75.14,751.4,2023-07-30
973,HD Externo,Beatriz,6,469.58,2817.48,2023-07-30
974,Mouse,João,4,116.42,465.68,2023-07-31
975,Mouse,Beatriz,3,89.11,267.33,2023-08-01
976,Monitor,Maria,8,736.7,5893.6,2023-08-03
977,HD Externo,Ana,4,354.38,1417.52,2023-08-03
978,Mouse,Beatriz,5,109.91,549.55,2023-08-04
979,Fone,Beatriz,3,272.85,818.5500000000001,2023-08-04
980,Webcam,João,2,215.78,431.56,2023-08-05
981,Webcam,Carlos,10,184.14,1841.3999999999999,2023-08-06
982,Monitor,Ana,5,724.13,3620.65,2023-08-07
983,Mouse,Maria,9,111.26,1001.34,2023-08-07
984,Mouse,Carlos,5,103.44,517.2,2023-08-08
985,Fone,Beatriz,1,226.82,226.82,2023-08-09
986,Pendrive,Maria,1,82.92,82.92,2023-08-10
987,NoteBook,Maria,3,3108.9,9326.7,2023-08-11
988,Webcam,Carlos,5,216.7,1083.5,2023-08-11
989,Monitor,Ana,1,819.37,819.37,2023-08-11
990,NoteBook,Maria,4,3482.88,13931.52,2023-08-14
991,Impressora,Ana,10,1424.2,14242.0,2023-08-14
992,Mouse,Carlos,9,107.49,967.41,2023-08-16
993,Teclado,João,8,165.06,1320.48,2023-08-16
994,Teclado,Maria,4,134.22,536.88,2023-08-16
995,Pendrive,Beatriz,9,84.09,756.8100000000001,2023-08-16
996,Webcam,Carlos,6,185.64,1113.84,2023-08-17
997,Teclado,Carlos,5,144.11,720.5500000000001,2023-08-19
998,HD Externo,Ana,2,470.37,940.74,2023-08-19
999,NoteBook,Maria,1,3146.32,3146.32,2023-08-19
1000,HD Externo,Beatriz,2,475.17,950.34,2023-08-19
1001,Fone,Maria,7,273.04,1911.2800000000002,2023-08-20
1002,Teclado,Ana,1,154.41,154.41,2023-08-22
1003,Impressora,João,2,1091.71,2183.42,2023-08-22
1004,Pendrive,Ana,9,90.18,811.6200000000001,2023-08-24
1005,Pendrive,Ana,2,69.67,139.34,2023-08-24
1006,Teclado,Carlos,2,136.92,273.84,2023-08-25
1007,Impressora,Ana,6,1044.99,6269.9400000000005,2023-08-27
1008,Pendrive,João,1,68.6,68.6,2023-08-29
1009,Pendrive,Carlos,5,67.49,337.45,2023-08-31
1010,Webcam,Maria,4,218.85,875.4,2023-08-31
1011,Monitor,Ana,10,672.39,6723.9,2023-09-01
1012,Fone,Carlos,7,224.32,1570.24,2023-09-01
1013,Monitor,Carlos,2,854.32,1708.64,2023-09-02
1014,HD Externo,Carlos,4,473.86,1895.44,2023-09-02
1015,Mouse,João,3,87.54,262.62,2023-09-03
1016,Pendrive,Carlos,10,83.2,832.0,2023-09-03
1017,Teclado,Maria,1,135.38,135.38,2023-09-05
1018,Fone,Ana,3,295.22,885.6600000000001,2023-09-08
1019,Webcam,João,4,211.16,844.64,2023-09-09
1020,NoteBook,Beatriz,8,3574.74,28597.92,2023-09-09
1021,HD Externo,Beatriz,10,357.14,3571.3999999999996,2023-09-09
1022,Fone,Maria,1,293.9,293.9,2023-09-10
1023,Monitor,Carlos,7,808.36,5658.52,2023-09-11
1024,Fone,Carlos,1,210.16,210.16,2023-09-12
1025,Fone,Maria,5,226.59,1132.95,2023-09-13
1026,Pendrive,Ana,5,73.03,365.15,2023-09-13
1027,Monitor,Maria,3,797.33,2391.9900000000002,2023-09-13
1028,Webcam,Carlos,10,217.36,2173.6000000000004,2023-09-15
1029,Impressora,Beatriz,1,1094.21,1094.21,2023-09-16
1030,Mouse,Maria,4,110.3,441.2,2023-09-16
1031,NoteBook,Carlos,4,3482.36,13929.44,2023-09-17
1032,Impressora,Carlos,5,1038.52,5192.6,2023-09-18
1033,Monitor,Ana,6,910.67,5464.0199999999995,2023-09-18
1034,Teclado,Ana,4,143.37,573.48,2023-09-21
1035,Webcam,Beatriz,3,214.34,643.02,2023-09-21
1036,Fone,Carlos,5,221.74,1108.7,2023-09-22
1037,Mouse,Carlos,10,100.3,1003.0,2023-09-23
1038,Monitor,João,5,947.59,4737.95,2023-09-25
1039,Webcam,Carlos,6,190.06,1140.3600000000001,2023-09-25
1040,Monitor,Beatriz,9,921.23,8291.07,2023-09-26
1041,Pendrive,Ana,8,81.33,650.64,2023-09-26
1042,Fone,Ana,7,218.88,1532.1599999999999,2023-09-28
1043,Webcam,Ana,2,179.18,358.36,2023-09-28
1044,NoteBook,Beatriz,10,3254.94,32549.4,2023-09-30
1045,HD Externo,Maria,6,376.03,2256.18,2023-10-01
1046,Impressora,Carlos,3,1206.71,3620.13,2023-10-02
1047,NoteBook,Maria,5,2536.25,12681.25,2023-10-03
1048,Webcam,Beatriz,9,234.94,2114.46,2023-10-05
1049,HD Externo,João,8,365.8,2926.4,2023-10-05
1050,NoteBook,Ana,3,3520.89,10562.67,2023-10-05
1051,Webcam,Carlos,9,204.46,1840.14,2023-10-06
1052,Pendrive,João,10,66.41,664.0999999999999,2023-10-06
1053,NoteBook,João,3,3560.3,10680.900000000001,2023-10-07
1054,Impressora,Carlos,6,1433.6,8601.599999999999,2023-10-10
1055,NoteBook,Carlos,10,3000.73,30007.3,2023-10-11
1056,Mouse,Carlos,6,109.74,658.4399999999999,2023-10-13
1057,NoteBook,Carlos,1,2982.21,2982.21,2023-10-15
1058,Impressora,Maria,2,1430.94,2861.88,2023-10-18
1059,Impressora,Maria,2,1307.74,2615.48,2023-10-18
1060,Impressora,Carlos,10,1347.4,13474.0,2023-10-19
1061,Impressora,Carlos,4,983.28,3933.12,2023-10-20
1062,Fone,Maria,1,220.93,220.93,2023-10-21
1063,Impressora,Ana,1,1029.84,1029.84,2023-10-22
1064,Teclado,Carlos,8,170.13,1361.04,2023-10-22
1065,Monitor,Maria,2,845.54,1691.08,2023-10-22
1066,Impressora,Beatriz,2,1240.28,2480.56,2023-10-23
1067,Monitor,João,10,675.99,6759.9,2023-10-23
1068,Impressora,Beatriz,6,1424.76,8548.56,2023-10-24
1069,NoteBook,Beatriz,4,2561.37,10245.48,2023-10-24
1070,Impressora,Ana,5,1056.52,5282.6,2023-10-25
1071,Pendrive,Beatriz,1,76.09,76.09,2023-10-29
1072,Mouse,Ana,8,92.58,740.64,2023-10-30
1073,Impressora,João,6,1252.87,7517.219999999999,2023-10-31
1074,HD Externo,Carlos,8,354.43,2835.44,2023-11-02
1075,HD Externo,Ana,4,464.08,1856.32,2023-11-02
1076,Webcam,João,7,169.23,1184.61,2023-11-03
1077,NoteBook,Carlos,10,3109.05,31090.5,2023-11-04
1078,Impressora,Maria,4,1094.41,4377.64,2023-11-05
1079,Impressora,Ana,8,1237.68,9901.44,2023-11-05
1080,Pendrive,João,6,70.09,420.54,2023-11-05
1081,Teclado,Maria,3,139.38,418.14,2023-11-06
1082,NoteBook,Maria,3,2997.51,8992.53,2023-11-07
1083,Pendrive,Ana,9,86.58,779.22,2023-11-08
1084,Teclado,Maria,1,156.91,156.91,2023-11-09
1085,Fone,Beatriz,4,225.0,900.0,2023-11-10
1086,NoteBook,Maria,7,2975.65,20829.55,2023-11-10
1087,Impressora,Beatriz,1,1152.73,1152.73,2023-11-11
1088,Fone,Maria,4,265.68,1062.72,2023-11-12
1089,Monitor,João,2,790.49,1580.98,2023-11-13
1090,Webcam,Carlos,3,174.48,523.4399999999999,2023-11-13
1091,Impressora,Beatriz,3,1129.99,3389.9700000000003,2023-11-14
1092,HD Externo,Beatriz,6,343.02,2058.12,2023-11-20
1093,Webcam,Maria,3,208.18,624.54,2023-11-20
1094,Fone,Maria,9,243.95,2195.5499999999997,2023-11-23
1095,HD Externo,João,6,401.79,2410.7400000000002,2023-11-25
1096,Pendrive,Maria,3,64.97,194.91,2023-11-26
1097,Fone,Carlos,3,286.16,858.48,2023-11-27
1098,NoteBook,Carlos,2,2709.58,5419.16,2023-11-27
1099,NoteBook,Ana,7,2665.64,18659.48,2023-11-28
1100,HD Externo,Ana,6,414.27,2485.62,2023-11-29
1101,Monitor,Maria,2,850.39,1700.78,2023-11-30
1102,HD Externo,João,8,437.01,3496.08,2023-12-01
1103,Monitor,Beatriz,3,752.39,2257.17,2023-12-03
1104,Monitor,Maria,9,850.05,7650.45,2023-12-04
1105,Teclado,Ana,9,158.48,1426.32,2023-12-07
1106,Fone,Carlos,9,292.15,2629.35,2023-12-08
1107,Webcam,Beatriz,6,160.32,961.92,2023-12-08
1108,NoteBook,Carlos,4,3314.67,13258.68,2023-12-09
1109,Impressora,João,2,1163.23,2326.46,2023-12-09
1110,HD Externo,Beatriz,2,477.21,954.42,2023-12-09
1111,Mouse,João,2,109.67,219.34,2023-12-10
1112,Webcam,Maria,7,176.03,1232.21,2023-12-11
1113,Pendrive,João,8,84.31,674.48,2023-12-11
1114,HD Externo,Carlos,6,452.6,2715.6000000000004,2023-12-12
1115,Impressora,Ana,2,1179.17,2358.34,2023-12-14
1116,Mouse,Beatriz,10,93.57,935.6999999999999,2023-12-15
1117,Webcam,Beatriz,8,226.15,1809.2,2023-12-15
1118,Mouse,Maria,2,111.12,222.24,2023-12-15
1119,HD Externo,Carlos,9,324.84,2923.56,2023-12-16
1120,Teclado,Maria,8,133.56,1068.48,2023-12-16
1121,Webcam,Maria,4,209.47,837.88,2023-12-17
1122,Fone,João,10,242.46,2424.6,2023-12-18
1123,Pendrive,Ana,1,78.75,78.75,2023-12-21
1124,Impressora,Beatriz,6,1206.32,7237.92,2023-12-21
1125,Mouse,João,7,98.48,689.36,2023-12-23
1126,Webcam,Ana,8,201.64,1613.12,2023-12-25
1127,Impressora,Carlos,4,1143.34,4573.36,2023-12-26
1128,Monitor,Beatriz,7,660.34,4622.38,2023-12-27
1129,Webcam,João,9,181.34,1632.06,2023-12-27
1130,NoteBook,Ana,6,3351.67,20110.02,2023-12-28
1131,NoteBook,Beatriz,7,2486.86,17408.02,2023-12-28
1132,Pendrive,João,5,81.13,405.65,2023-12-29
1133,Monitor,Beatriz,2,650.85,1301.7,2023-12-30
1134,NoteBook,Beatriz,9,2758.07,24822.63,2024-01-03
1135,HD Externo,Carlos,3,457.12,1371.3600000000001,2024-01-06
1136,Impressora,Carlos,8,1015.14,8121.12,2024-01-06
1137,NoteBook,Ana,10,3320.09,33200.9,2024-01-06
1138,Webcam,Beatriz,8,237.06,1896.48,2024-01-07
1139,Teclado,Carlos,6,131.88,791.28,2024-01-08
1140,NoteBook,Maria,2,3135.3,6270.6,2024-01-09
1141,Fone,Ana,10,281.31,2813.1,2024-01-09
1142,Teclado,Maria,5,178.01,890.05,2024-01-13
1143,Fone,Ana,5,216.12,1080.6,2024-01-13
1144,NoteBook,Maria,7,3299.73,23098.11,2024-01-14
1145,Pendrive,João,1,94.45,94.45,2024-01-15
1146,Fone,Ana,1,273.86,273.86,2024-01-16
1147,HD Externo,João,3,458.83,1376.49,2024-01-16
1148,Fone,João,8,283.15,2265.2,2024-01-16
1149,Teclado,Carlos,3,141.78,425.34000000000003,2024-01-17
1150,Pendrive,Maria,10,83.73,837.3000000000001,2024-01-20
1151,NoteBook,João,2,3557.31,7114.62,2024-01-22
1152,Teclado,Ana,5,165.25,826.25,2024-01-22
1153,Mouse,Beatriz,1,96.22,96.22,2024-01-22
1154,Webcam,Maria,2,190.77,381.54,2024-01-23
1155,Pendrive,João,1,74.82,74.82,2024-01-25
1156,Webcam,Carlos,8,189.21,1513.68,2024-01-26
1157,NoteBook,Beatriz,10,2648.47,26484.699999999997,2024-01-26
1158,NoteBook,Maria,4,2983.9,11935.6,2024-01-28
1159,Monitor,João,8,880.02,7040.16,2024-01-30
1160,NoteBook,Carlos,9,3015.16,27136.44,2024-01-31
1161,Fone,Ana,2,232.77,465.54,2024-02-04
1162,Impressora,Ana,2,965.87,1931.74,2024-02-05
1163,Pendrive,Beatriz,5,80.65,403.25,2024-02-05
1164,Monitor,Carlos,5,934.48,4672.4,2024-02-05
1165,Teclado,Maria,3,161.42,484.26,2024-02-06
1166,Impressora,Ana,3,1009.86,3029.58,2024-02-07
1167,Impressora,Ana,2,1297.55,2595.1,2024-02-07
1168,Fone,Maria,8,284.97,2279.76,2024-02-08
1169,Pendrive,Beatriz,8,73.09,584.72,2024-02-09
1170,Webcam,Beatriz,2,170.75,341.5,2024-02-09
1171,HD Externo,Beatriz,4,405.48,1621.92,2024-02-11
1172,Fone,Ana,2,223.57,447.14,2024-02-13
1173,Fone,Ana,6,215.72,1294.32,2024-02-15
1174,Webcam,Maria,5,210.38,1051.9,2024-02-15
1175,Pendrive,João,5,67.13,335.65,2024-02-17
1176,Impressora,Carlos,1,1219.83,1219.83,2024-02-17
1177,Webcam,Ana,2,233.0,466.0,2024-02-20
1178,Pendrive,Beatriz,3,68.28,204.84,2024-02-22
1179,Pendrive,Ana,8,72.39,579.12,2024-02-24
1180,Teclado,Beatriz,9,156.24,1406.16,2024-02-24
1181,Monitor,João,7,881.33,6169.31,2024-02-26
1182,Fone,Ana,7,236.88,1658.1599999999999,2024-02-26
1183,Fone,Maria,9,250.16,2251.44,2024-02-27
1184,Pendrive,Beatriz,9,80.52,724.68,2024-03-02
1185,Mouse,João,5,95.7,478.5,2024-03-03
1186,Impressora,Ana,4,1296.43,5185.72,2024-03-04
1187,Fone,Carlos,8,252.76,2022.08,2024-03-04
1188,NoteBook,Maria,4,2829.98,11319.92,2024-03-04
1189,Mouse,Ana,9,85.04,765.36,2024-03-05
1190,Teclado,Ana,7,153.66,1075.62,2024-03-06
1191,Impressora,Carlos,9,1077.36,9696.24,2024-03-07
1192,Impressora,Maria,4,975.17,3900.68,2024-03-08
1193,Mouse,Ana,9,87.4,786.6,2024-03-08
1194,Fone,Carlos,3,285.22,855.6600000000001,2024-03-08
1195,Teclado,Beatriz,8,176.05,1408.4,2024-03-08
1196,Mouse,Maria,8,103.05,824.4,2024-03-10
1197,Webcam,Maria,10,218.27,2182.7000000000003,2024-03-10
1198,Pendrive,João,3,87.15,261.45000000000005,2024-03-12
1199,NoteBook,Beatriz,6,2631.86,15791.16,2024-03-16
1200,Webcam,Maria,7,194.36,1360.52,2024-03-17
1201,Monitor,Ana,3,948.83,2846.4900000000002,2024-03-17
1202,Mouse,Maria,3,104.77,314.31,2024-03-17
1203,Mouse,Carlos,6,108.63,651.78,2024-03-20
1204,HD Externo,Carlos,2,390.9,781.8,2024-03-21
1205,Webcam,Maria,5,225.0,1125.0,2024-03-23
1206,Webcam,Ana,1,195.26,195.26,2024-03-23
1207,Teclado,João,10,179.44,1794.4,2024-03-23
1208,Monitor,Maria,2,748.4,1496.8,2024-03-23
1209,HD Externo,Beatriz,7,398.03,2786.21,2024-03-23
1210,HD Externo,Carlos,2,404.55,809.1,2024-03-23
1211,Webcam,João,8,237.09,1896.72,2024-03-25
1212,Teclado,Maria,8,125.2,1001.6,2024-03-26
1213,Impressora,Beatriz,6,1245.84,7475.039999999999,2024-03-26
1214,Pendrive,Maria,9,73.31,659.79,2024-03-26
1215,Teclado,Beatriz,2,171.26,342.52,2024-03-27
1216,Webcam,João,7,164.75,1153.25,2024-03-29
1217,Webcam,João,1,232.92,232.92,2024-03-29
1218,NoteBook,Beatriz,3,3211.72,9635.16,2024-04-01
1219,HD Externo,João,4,397.86,1591.44,2024-04-02
1220,Teclado,Maria,1,167.03,167.03,2024-04-04
1221,Webcam,João,6,177.46,1064.76,2024-04-04
1222,HD Externo,Ana,5,468.26,2341.3,2024-04-06
1223,Mouse,Beatriz,9,96.52,868.68,2024-04-08
1224,Mouse,Ana,1,91.41,91.41,2024-04-09
1225,Webcam,Ana,8,179.33,1434.64,2024-04-09
1226,Webcam,Ana,10,168.09,1680.9,2024-04-10
1227,Webcam,Beatriz,1,160.47,160.47,2024-04-12
1228,Teclado,Maria,10,148.79,1487.8999999999999,2024-04-12
1229,Webcam,Beatriz,2,193.83,387.66,2024-04-12
1230,HD Externo,Ana,6,397.04,2382.2400000000002,2024-04-13
1231,Mouse,Carlos,7,84.79,593.5300000000001,2024-04-15
1232,Impressora,João,5,1080.13,5400.650000000001,2024-04-16
1233,HD Externo,João,9,444.73,4002.57,2024-04-17
1234,Impressora,Carlos,8,1199.36,9594.88,2024-04-20
1235,NoteBook,Ana,5,2467.4,12337.0,2024-04-20
1236,HD Externo,Ana,5,355.6,1778.0,2024-04-22
1237,Fone,Ana,10,299.59,2995.8999999999996,2024-04-23
1238,NoteBook,Carlos,1,3365.24,3365.24,2024-04-24
1239,Monitor,Beatriz,4,945.46,3781.84,2024-04-25
1240,Webcam,Maria,1,189.6,189.6,2024-04-26
1241,HD Externo,Ana,8,323.84,2590.72,2024-05-02
1242,Pendrive,Maria,3,87.26,261.78000000000003,2024-05-02
1243,Webcam,Carlos,8,188.7,1509.6,2024-05-02
1244,Monitor,Ana,6,685.26,4111.5599999999995,2024-05-03
1245,Monitor,Carlos,9,642.32,5780.88,2024-05-03
1246,NoteBook,Beatriz,3,3124.49,9373.47,2024-05-06
1247,Monitor,João,4,858.25,3433.0,2024-05-06
1248,Webcam,Maria,2,185.8,371.6,2024-05-08
1249,Monitor,Beatriz,1,832.24,832.24,2024-05-10
1250,Monitor,Ana,5,736.41,3682.0499999999997,2024-05-10
1251,Pendrive,João,9,71.91,647.1899999999999,2024-05-11
1252,Teclado,Ana,1,144.75,144.75,2024-05-13
1253,Monitor,Carlos,7,926.68,6486.759999999999,2024-05-13
1254,Webcam,Ana,3,179.12,537.36,2024-05-14
1255,HD Externo,Maria,2,415.16,830.32,2024-05-15
1256,Pendrive,Carlos,2,94.11,188.22,2024-05-16
1257,Impressora,Beatriz,3,1375.99,4127.97,2024-05-19
1258,Webcam,Carlos,5,184.95,924.75,2024-05-19
1259,Impressora,Beatriz,5,1184.09,5920.45,2024-05-20
1260,Monitor,Ana,7,841.25,5888.75,2024-05-20
1261,HD Externo,Maria,8,465.23,3721.84,2024-05-22
1262,Monitor,Maria,9,686.18,6175.62,2024-05-23
1263,Teclado,Beatriz,9,153.14,1378.2599999999998,2024-05-23
1264,Mouse,Carlos,7,108.56,759.9200000000001,2024-05-23
1265,NoteBook,Beatriz,10,2798.7,27987.0,2024-05-24
1266,Monitor,Ana,4,899.21,3596.84,2024-05-25
1267,NoteBook,João,1,2400.42,2400.42,2024-05-26
1268,Mouse,Carlos,7,86.48,605.36,2024-05-27
1269,Monitor,Maria,1,848.25,848.25,2024-05-29
1270,Teclado,Maria,8,120.49,963.92,2024-05-29
1271,Mouse,Maria,7,111.84,782.88,2024-06-02
1272,NoteBook,Maria,7,2736.04,19152.28,2024-06-02
1273,Webcam,Maria,7,171.79,1202.53,2024-06-02
1274,Fone,Beatriz,3,207.78,623.34,2024-06-02
1275,HD Externo,João,2,376.72,753.44,2024-06-03
1276,Impressora,Beatriz,10,1088.95,10889.5,2024-06-06
1277,Teclado,Maria,3,123.95,371.85,2024-06-07
1278,Impressora,Carlos,10,992.85,9928.5,2024-06-08
1279,Monitor,Beatriz,2,797.45,1594.9,2024-06-08
1280,HD Externo,Carlos,8,377.27,3018.16,2024-06-09
1281,Impressora,Beatriz,9,1090.97,9818.73,2024-06-11
1282,Teclado,Ana,5,173.41,867.05,2024-06-12
1283,HD Externo,Beatriz,9,351.29,3161.61,2024-06-13
1284,Webcam,Maria,1,235.13,235.13,2024-06-14
1285,Impressora,Ana,7,1043.1,7301.699999999999,2024-06-15
1286,Webcam,João,8,194.26,1554.08,2024-06-17
1287,Pendrive,João,3,81.07,243.20999999999998,2024-06-17
1288,NoteBook,Carlos,1,2468.62,2468.62,2024-06-18
1289,Monitor,Ana,3,824.99,2474.9700000000003,2024-06-19
1290,Webcam,Maria,7,234.08,1638.5600000000002,2024-06-20
1291,Mouse,Ana,7,118.39,828.73,2024-06-22
1292,Teclado,João,8,173.43,1387.44,2024-06-22
1293,Monitor,Ana,4,823.15,3292.6,2024-06-22
1294,Teclado,Ana,1,170.57,170.57,2024-06-23
1295,HD Externo,Ana,5,436.23,2181.15,2024-06-24
1296,Monitor,João,10,700.79,7007.9,2024-06-26
1297,Monitor,Maria,7,949.57,6646.990000000001,2024-06-27
1298,Webcam,João,7,180.74,1265.18,2024-06-28
1299,Monitor,Maria,9,835.33,7517.97,2024-06-28
1300,HD Externo,Carlos,9,398.32,3584.88,2024-06-29
1301,Webcam,Maria,2,186.28,372.56,2024-07-01
1302,Monitor,Maria,5,641.1,3205.5,2024-07-02
1303,Teclado,Carlos,5,179.35,896.75,2024-07-02
1304,Mouse,Beatriz,4,89.15,356.6,2024-07-03
1305,Pendrive,Carlos,3,94.26,282.78000000000003,2024-07-06
1306,NoteBook,Carlos,4,2605.55,10422.2,2024-07-07
1307,Teclado,Beatriz,1,129.68,129.68,2024-07-08
1308,Fone,Carlos,4,251.89,1007.56,2024-07-08
1309,NoteBook,Carlos,4,2950.71,11802.84,2024-07-10
1310,Webcam,Beatriz,9,202.54,1822.86,2024-07-11
1311,Pendrive,Carlos,6,67.35,404.09999999999997,2024-07-11
1312,Monitor,Carlos,1,863.89,863.89,2024-07-11
1313,Impressora,Maria,6,1118.73,6712.38,2024-07-12
1314,Fone,Carlos,8,203.79,1630.32,2024-07-15
1315,Mouse,João,10,113.21,1132.1,2024-07-15
1316,Fone,Maria,6,280.4,1682.3999999999999,2024-07-15
1317,Fone,Beatriz,9,247.38,2226.42,2024-07-16
1318,NoteBook,Ana,3,3122.67,9368.01,2024-07-20
1319,Webcam,Carlos,1,216.8,216.8,2024-07-21
1320,Teclado,Beatriz,1,174.23,174.23,2024-07-21
1321,Pendrive,João,1,77.89,77.89,2024-07-21
1322,Fone,Carlos,7,286.19,2003.33,2024-07-22
1323,Fone,Ana,5,214.33,1071.65,2024-07-22
1324,Teclado,João,4,149.63,598.52,2024-07-23
1325,Teclado,Beatriz,9,122.01,1098.0900000000001,2024-07-23
1326,Webcam,João,2,174.68,349.36,2024-07-25
1327,NoteBook,Carlos,8,3452.73,27621.84,2024-07-25
1328,Mouse,Ana,5,107.2,536.0,2024-07-26
1329,Webcam,Ana,5,227.91,1139.55,2024-07-27
1330,Mouse,Ana,1,92.83,92.83,2024-07-27
1331,Fone,João,2,245.19,490.38,2024-07-27
1332,Webcam,Carlos,6,198.64,1191.84,2024-07-27
1333,Impressora,Beatriz,3,976.06,2928.18,2024-07-29
1334,NoteBook,Beatriz,5,3251.78,16258.900000000001,2024-07-29
1335,Teclado,Carlos,7,177.07,1239.49,2024-07-29
1336,Impressora,Maria,2,1182.02,2364.04,2024-07-30
1337,Fone,Beatriz,9,247.22,2224.98,2024-07-31
1338,NoteBook,Beatriz,6,2897.9,17387.4,2024-07-31
1339,Monitor,Maria,8,785.94,6287.52,2024-08-01
1340,Fone,Ana,6,217.26,1303.56,2024-08-02
1341,Webcam,João,3,181.83,545.49,2024-08-04
1342,Mouse,Maria,6,99.59,597.54,2024-08-05
1343,Teclado,Maria,6,144.92,869.52,2024-08-06
1344,Fone,Beatriz,6,270.26,1621.56,2024-08-06
1345,HD Externo,Maria,3,462.31,1386.93,2024-08-09
1346,Impressora,Carlos,7,1439.54,10076.779999999999,2024-08-10
1347,Fone,Carlos,1,284.91,284.91,2024-08-11
1348,HD Externo,Carlos,9,440.44,3963.96,2024-08-11
1349,NoteBook,Beatriz,10,3323.6,33236.0,2024-08-11
1350,Webcam,Maria,10,194.1,1941.0,2024-08-13
1351,Teclado,Beatriz,6,146.11,876.6600000000001,2024-08-14
1352,Impressora,Beatriz,7,1355.95,9491.65,2024-08-20
1353,Pendrive,Ana,1,89.3,89.3,2024-08-20
1354,NoteBook,Ana,4,3209.52,12838.08,2024-08-22
1355,Mouse,Ana,6,97.9,587.4000000000001,2024-08-22
1356,NoteBook,Ana,10,3068.09,30680.9,2024-08-23
1357,Mouse,João,1,116.43,116.43,2024-08-23
1358,HD Externo,Beatriz,6,473.27,2839.62,2024-08-23
1359,Teclado,João,1,171.73,171.73,2024-08-25
1360,Fone,Beatriz,7,233.16,1632.12,2024-08-26
1361,Teclado,Maria,5,144.85,724.25,2024-08-29
1362,Teclado,Maria,3,157.74,473.22,2024-08-31
1363,HD Externo,Carlos,4,322.05,1288.2,2024-09-04
1364,Impressora,Carlos,10,1432.93,14329.300000000001,2024-09-05
1365,Pendrive,Ana,9,72.64,653.76,2024-09-06
1366,Teclado,João,9,154.39,1389.5099999999998,2024-09-07
1367,Impressora,João,6,1284.06,7704.36,2024-09-08
1368,Monitor,Carlos,5,660.75,3303.75,2024-09-08
1369,Monitor,Ana,6,814.97,4889.82,2024-09-08
1370,NoteBook,Ana,2,2957.47,5914.94,2024-09-08
1371,Webcam,Beatriz,6,176.77,1060.6200000000001,2024-09-08
1372,Monitor,Beatriz,7,874.88,6124.16,2024-09-09
1373,Impressora,Ana,10,1263.06,12630.599999999999,2024-09-09
1374,Fone,Beatriz,6,243.67,1462.02,2024-09-10
1375,Monitor,Beatriz,7,902.63,6318.41,2024-09-12
1376,Teclado,Ana,9,147.87,1330.83,2024-09-12
1377,Fone,Beatriz,5,291.85,1459.25,2024-09-12
1378,Mouse,Maria,8,85.64,685.12,2024-09-12
1379,Mouse,Carlos,9,113.46,1021.14,2024-09-13
1380,Monitor,Carlos,7,951.84,6662.88,2024-09-13
1381,Pendrive,Maria,3,80.64,241.92000000000002,2024-09-17
1382,Monitor,João,5,955.65,4778.25,2024-09-18
1383,NoteBook,Maria,2,3271.22,6542.44,2024-09-18
1384,Webcam,Beatriz,1,170.66,170.66,2024-09-19
1385,Pendrive,Carlos,6,77.37,464.22,2024-09-20
1386,Teclado,Beatriz,2,171.7,343.4,2024-09-21
1387,HD Externo,Ana,7,336.38,2354.66,2024-09-21
1388,NoteBook,Beatriz,7,2427.64,16993.48,2024-09-25
1389,Pendrive,João,2,67.61,135.22,2024-09-25
1390,Webcam,Beatriz,5,203.46,1017.3000000000001,2024-09-27
1391,Monitor,Ana,1,858.84,858.84,2024-09-27
1392,NoteBook,João,2,2643.15,5286.3,2024-09-29
1393,Impressora,João,1,981.19,981.19,2024-09-30
1394,Webcam,Maria,2,174.99,349.98,2024-09-30
1395,Mouse,Beatriz,4,114.82,459.28,2024-09-30
1396,Teclado,João,4,120.01,480.04,2024-09-30
1397,Teclado,Ana,8,145.31,1162.48,2024-10-01
1398,Webcam,Beatriz,7,199.29,1395.03,2024-10-01
1399,NoteBook,Ana,1,2546.64,2546.64,2024-10-02
1400,Webcam,João,1,188.5,188.5,2024-10-04
1401,Monitor,Beatriz,2,651.27,1302.54,2024-10-05
1402,Mouse,Ana,2,98.38,196.76,2024-10-09
1403,NoteBook,Ana,3,2517.32,7551.960000000001,2024-10-10
1404,Monitor,Carlos,5,848.55,4242.75,2024-10-10
1405,Mouse,Ana,7,92.04,644.2800000000001,2024-10-11
1406,Webcam,Carlos,3,166.79,500.37,2024-10-11
1407,NoteBook,Ana,7,2744.36,19210.52,2024-10-13
1408,NoteBook,Ana,2,2921.29,5842.58,2024-10-13
1409,Fone,Beatriz,10,204.84,2048.4,2024-10-14
1410,Impressora,Carlos,1,1404.8,1404.8,2024-10-14
1411,NoteBook,Carlos,5,3186.69,15933.45,2024-10-14
1412,Fone,João,5,213.2,1066.0,2024-10-16
1413,Monitor,Beatriz,3,945.11,2835.33,2024-10-17
1414,Pendrive,Ana,9,81.32,731.8799999999999,2024-10-17
1415,Monitor,Carlos,3,734.44,2203.32,2024-10-18
1416,Fone,João,6,269.14,1614.84,2024-10-19
1417,Monitor,João,6,819.8,4918.799999999999,2024-10-19
1418,Mouse,Carlos,8,111.15,889.2,2024-10-19
1419,Monitor,Beatriz,8,706.03,5648.24,2024-10-19
1420,HD Externo,Carlos,1,332.59,332.59,2024-10-20
1421,Webcam,Carlos,5,219.58,1097.9,2024-10-22
1422,Monitor,Ana,8,908.98,7271.84,2024-10-23
1423,Mouse,Carlos,4,85.92,343.68,2024-10-23
1424,Pendrive,João,8,75.36,602.88,2024-10-24
1425,Pendrive,Maria,1,93.51,93.51,2024-10-24
1426,Teclado,João,5,154.73,773.65,2024-10-25
1427,Pendrive,João,3,84.68,254.04000000000002,2024-10-25
1428,NoteBook,Beatriz,9,3460.47,31144.23,2024-10-25
1429,Pendrive,Maria,3,67.55,202.64999999999998,2024-10-26
1430,Impressora,Ana,2,971.42,1942.84,2024-10-31
1431,Teclado,Ana,10,164.78,1647.8,2024-10-31
1432,NoteBook,João,3,2712.92,8138.76,2024-10-31
1433,Monitor,Beatriz,7,892.38,6246.66,2024-11-01
1434,Pendrive,João,2,77.02,154.04,2024-11-01
1435,Mouse,Beatriz,7,101.38,709.66,2024-11-01
1436,Impressora,Maria,7,1061.51,7430.57,2024-11-02
1437,NoteBook,João,6,3573.8,21442.800000000003,2024-11-03
1438,Teclado,Maria,4,159.14,636.56,2024-11-05
1439,Teclado,Maria,4,121.68,486.72,2024-11-05
1440,Mouse,Beatriz,3,114.05,342.15,2024-11-06
1441,Mouse,João,7,102.09,714.63,2024-11-06
1442,HD Externo,Beatriz,6,350.13,2100.7799999999997,2024-11-09
1443,Pendrive,Beatriz,5,92.44,462.2,2024-11-09
1444,Pendrive,João,3,69.41,208.23,2024-11-09
1445,NoteBook,Beatriz,4,3467.22,13868.88,2024-11-10
1446,Teclado,Ana,4,145.53,582.12,2024-11-10
1447,HD Externo,Maria,10,469.67,4696.7,2024-11-11
1448,Impressora,Beatriz,2,1117.21,2234.42,2024-11-11
1449,Monitor,João,10,937.23,9372.3,2024-11-11
1450,Fone,Beatriz,6,296.26,1777.56,2024-11-12
1451,NoteBook,Maria,7,3585.36,25097.52,2024-11-12
1452,Webcam,Ana,6,168.15,1008.9000000000001,2024-11-13
1453,Monitor,Beatriz,8,658.56,5268.48,2024-11-13
1454,Monitor,Ana,6,794.11,4764.66,2024-11-14
1455,HD Externo,Maria,5,380.01,1900.05,2024-11-14
1456,HD Externo,Maria,4,473.76,1895.04,2024-11-16
1457,NoteBook,Beatriz,6,2882.77,17296.62,2024-11-17
1458,HD Externo,João,2,320.42,640.84,2024-11-18
1459,Monitor,Ana,10,918.01,9180.1,2024-11-20
1460,Pendrive,Ana,2,83.12,166.24,2024-11-23
1461,Pendrive,Beatriz,4,79.5,318.0,2024-11-24
1462,Fone,Beatriz,3,209.65,628.95,2024-11-25
1463,Impressora,Beatriz,3,1113.83,3341.49,2024-11-27
1464,HD Externo,Carlos,8,398.48,3187.84,2024-11-28
1465,Mouse,Maria,5,115.31,576.55,2024-11-28
1466,Webcam,João,8,181.16,1449.28,2024-11-29
1467,HD Externo,Carlos,7,473.04,3311.28,2024-11-29
1468,Fone,Ana,9,240.74,2166.66,2024-11-30
1469,Webcam,Beatriz,3,233.41,700.23,2024-12-01
1470,Webcam,Carlos,9,196.59,1769.31,2024-12-02
1471,Monitor,Carlos,8,660.6,5284.8,2024-12-06
1472,Monitor,João,6,800.89,4805.34,2024-12-09
1473,Monitor,Ana,5,805.58,4027.9,2024-12-12
1474,Teclado,Ana,7,171.33,1199.3100000000002,2024-12-13
1475,Monitor,Carlos,4,882.88,3531.52,2024-12-13
1476,Monitor,Maria,1,656.95,656.95,2024-12-14
1477,Monitor,João,2,947.23,1894.46,2024-12-14
1478,Monitor,Maria,1,926.5,926.5,2024-12-15
1479,Pendrive,Carlos,3,67.61,202.82999999999998,2024-12-17
1480,Fone,João,9,268.67,2418.03,2024-12-18
1481,Fone,Carlos,8,274.15,2193.2,2024-12-19
1482,Pendrive,Maria,7,95.92,671.44,2024-12-19
1483,NoteBook,Maria,2,3264.14,6528.28,2024-12-19
1484,Mouse,Beatriz,7,91.46,640.2199999999999,2024-12-19
1485,Webcam,Ana,9,190.68,1716.1200000000001,2024-12-20
1486,Webcam,Maria,7,226.15,1583.05,2024-12-21
1487,NoteBook,Carlos,4,3379.1,13516.4,2024-12-22
1488,Pendrive,João,5,73.64,368.2,2024-12-23
1489,Impressora,Carlos,2,1119.3,2238.6,2024-12-24
1490,Mouse,Beatriz,3,86.17,258.51,2024-12-25
1491,NoteBook,Maria,3,2728.65,8185.950000000001,2024-12-25
1492,Impressora,Maria,6,1229.39,7376.34,2024-12-26
1493,Fone,Carlos,9,219.28,1973.52,2024-12-28
1494,Impressora,João,8,976.77,7814.16,2024-12-28
1495,Pendrive,João,7,86.88,608.16,2024-12-29
1496,Mouse,Beatriz,8,95.62,764.96,2024-12-29
1497,HD Externo,Beatriz,4,330.6,1322.4,2024-12-29
1498,HD Externo,Carlos,5,399.44,1997.2,2024-12-30
1499,Teclado,Beatriz,6,135.83,814.98,2024-12-30
1500,Fone,Ana,6,201.56,1209.3600000000001,2024-12-31
